Incident_ID,Timestamp,Date,Hour,Month,Day_of_Week,Threat_Type,Severity,Risk_Score,Source_System,Affected_Asset,Department,Attack_Vector,MITRE_Tactic,Threat_Intelligence_Match,Intel_Confidence_Pct,Source_Country,Source_Region,Status,Response_Time_Minutes,Estimated_Impact_Score_1_10,Outbound_Data_MB,Affected_Users,Is_Confirmed_Threat,Analyst_ID,Notes
INC-00001,2026-01-02,2026-01-02,5,Jan,Friday,DDoS,Critical,0.89,Firewall,VPN Gateway,HR,Misconfiguration,Persistence,Known malicious IP,49,Australia,Oceania,Contained,104,6,0.01,47,True,AN-005,Synthetic ddos event; review indicator context.
INC-00002,2026-01-02,2026-01-02,8,Jan,Friday,Web Attack,Low,0.2,IDS/IPS,Database Server,Sales,Vulnerable Application,Execution,Vulnerability advisory,97,United States,North America,Blocked,25,2,0.05,17,True,AN-012,Synthetic web attack event; review endpoint telemetry.
INC-00003,2026-01-02,2026-01-02,11,Jan,Friday,Phishing,Medium,0.22,SIEM,VPN Gateway,Operations,USB Device,Defense Evasion,No external match,45,United Kingdom,Europe,Blocked,25,4,0.0,8,False,AN-002,Synthetic phishing event; review email evidence.
INC-00004,2026-01-02,2026-01-02,12,Jan,Friday,Phishing,Medium,0.34,EDR,Employee Laptop,HR,Exposed Service,Impact,Botnet indicator,71,India,Asia,False Positive,78,1,0.01,21,False,AN-013,Synthetic phishing event; review identity activity.
INC-00005,2026-01-02,2026-01-02,12,Jan,Friday,Suspicious Login,Medium,0.39,Email Security,Cloud Workload,Research,Exposed Service,Lateral Movement,No external match,30,India,Asia,Contained,90,4,0.0,3,False,AN-013,Synthetic suspicious login event; review endpoint telemetry.
INC-00006,2026-01-02,2026-01-02,19,Jan,Friday,Malware,Medium,0.36,Cloud Security,Cloud Workload,Operations,Exposed Service,Execution,No external match,20,United States,North America,False Positive,61,1,0.0,15,False,AN-009,Synthetic malware event; review indicator context.
INC-00007,2026-01-02,2026-01-02,23,Jan,Friday,Ransomware,Low,0.18,Identity Provider,Employee Laptop,IT,Misconfiguration,Collection,Vulnerability advisory,70,Japan,Asia,Investigating,111,1,0.0,20,True,AN-007,Synthetic ransomware event; review identity activity.
INC-00008,2026-01-03,2026-01-03,1,Jan,Saturday,Command and Control,Medium,0.47,Firewall,File Server,Finance,Stolen Credentials,Initial Access,Botnet indicator,71,United States,North America,Resolved,19,3,0.01,20,True,AN-010,Synthetic command and control event; review indicator context.
INC-00009,2026-01-03,2026-01-03,4,Jan,Saturday,Web Attack,Medium,0.43,Identity Provider,Domain Controller,Customer Support,Stolen Credentials,Exfiltration,Vulnerability advisory,45,Australia,Oceania,Blocked,19,1,0.0,10,True,AN-001,Synthetic web attack event; review email evidence.
INC-00010,2026-01-03,2026-01-03,18,Jan,Saturday,Malware,Medium,0.44,Email Security,Database Server,Sales,USB Device,Impact,No external match,46,United Kingdom,Europe,Resolved,79,3,0.0,8,False,AN-011,Synthetic malware event; review network logs.
INC-00011,2026-01-04,2026-01-04,9,Jan,Sunday,Web Attack,Medium,0.29,SIEM,Web Server,Engineering,Malicious Link,Command and Control,Malware hash,74,India,Asia,Blocked,25,4,0.0,21,True,AN-011,Synthetic web attack event; review identity activity.
INC-00012,2026-01-04,2026-01-04,10,Jan,Sunday,DDoS,Medium,0.46,IDS/IPS,Cloud Workload,Research,Third-Party Access,Command and Control,Malware hash,69,India,Asia,Contained,28,3,0.0,19,True,AN-008,Synthetic ddos event; review network logs.
INC-00013,2026-01-04,2026-01-04,21,Jan,Sunday,Phishing,Low,0.21,Firewall,Web Server,Finance,Stolen Credentials,Impact,Phishing domain,61,United States,North America,False Positive,32,0,0.0,1,False,AN-005,Synthetic phishing event; review indicator context.
INC-00014,2026-01-05,2026-01-05,1,Jan,Monday,Brute Force,High,0.72,Firewall,Web Server,Operations,Unusual Network Traffic,Privilege Escalation,Suspicious domain,88,United Kingdom,Europe,Escalated,67,7,0.0,62,True,AN-012,Synthetic brute force event; review network logs.
INC-00015,2026-01-05,2026-01-05,9,Jan,Monday,Insider Threat,Medium,0.23,EDR,Endpoint Workstation,Operations,Vulnerable Application,Initial Access,Known malicious IP,91,India,Asia,Blocked,13,2,0.01,22,True,AN-011,Synthetic insider threat event; review network logs.
INC-00016,2026-01-05,2026-01-05,23,Jan,Monday,Brute Force,Medium,0.32,Email Security,Domain Controller,Operations,USB Device,Discovery,Botnet indicator,71,India,Asia,Blocked,25,1,0.0,7,True,AN-004,Synthetic brute force event; review endpoint telemetry.
INC-00017,2026-01-06,2026-01-06,0,Jan,Tuesday,Suspicious Login,Low,0.15,SIEM,Employee Laptop,Research,Email Attachment,Initial Access,Known malicious IP,62,India,Asia,Contained,83,1,0.0,23,True,AN-003,Synthetic suspicious login event; review email evidence.
INC-00018,2026-01-06,2026-01-06,11,Jan,Tuesday,Phishing,Low,0.17,Web Application Firewall,Payment API,HR,Exposed Service,Persistence,Vulnerability advisory,79,Germany,Europe,Investigating,7,0,0.01,23,True,AN-009,Synthetic phishing event; review network logs.
INC-00019,2026-01-06,2026-01-06,22,Jan,Tuesday,Brute Force,Medium,0.48,EDR,Domain Controller,HR,Stolen Credentials,Initial Access,Known malicious IP,92,Australia,Oceania,Contained,87,1,0.01,17,True,AN-003,Synthetic brute force event; review identity activity.
INC-00020,2026-01-07,2026-01-07,1,Jan,Wednesday,Phishing,High,0.7,Firewall,Employee Laptop,Research,Email Attachment,Discovery,No external match,19,Netherlands,Europe,Investigating,84,6,0.0,64,False,AN-009,Synthetic phishing event; review network logs.
INC-00021,2026-01-07,2026-01-07,4,Jan,Wednesday,Web Attack,Low,0.21,EDR,Employee Laptop,Engineering,Malicious Link,Persistence,No external match,20,United Kingdom,Europe,Investigating,44,1,0.01,21,False,AN-014,Synthetic web attack event; review email evidence.
INC-00022,2026-01-07,2026-01-07,8,Jan,Wednesday,Brute Force,Medium,0.36,EDR,Domain Controller,HR,Misconfiguration,Credential Access,Known malicious IP,68,Singapore,Asia,Resolved,112,3,0.0,10,True,AN-015,Synthetic brute force event; review indicator context.
INC-00023,2026-01-07,2026-01-07,9,Jan,Wednesday,Suspicious Login,High,0.6,Cloud Security,Endpoint Workstation,Research,Unusual Network Traffic,Defense Evasion,Botnet indicator,93,India,Asia,Escalated,68,7,0.0,27,True,AN-008,Synthetic suspicious login event; review indicator context.
INC-00024,2026-01-07,2026-01-07,17,Jan,Wednesday,DDoS,High,0.71,SIEM,File Server,Research,Stolen Credentials,Exfiltration,Known malicious IP,56,India,Asia,False Positive,61,3,0.03,47,False,AN-014,Synthetic ddos event; review email evidence.
INC-00025,2026-01-07,2026-01-07,23,Jan,Wednesday,Ransomware,Medium,0.3,SIEM,Database Server,Finance,Exposed Service,Collection,Malware hash,87,Germany,Europe,Contained,105,2,0.0,2,True,AN-006,Synthetic ransomware event; review indicator context.
INC-00026,2026-01-08,2026-01-08,0,Jan,Thursday,Suspicious Login,Low,0.09,EDR,Cloud Workload,IT,Third-Party Access,Persistence,Known malicious IP,70,Netherlands,Europe,Blocked,25,2,0.0,16,True,AN-011,Synthetic suspicious login event; review network logs.
INC-00027,2026-01-09,2026-01-09,2,Jan,Friday,Phishing,Low,0.12,Firewall,Email Gateway,Engineering,Stolen Credentials,Execution,Known malicious IP,96,Australia,Oceania,False Positive,58,1,0.0,20,False,AN-013,Synthetic phishing event; review identity activity.
INC-00028,2026-01-09,2026-01-09,15,Jan,Friday,Phishing,Medium,0.26,EDR,Domain Controller,IT,Malicious Link,Lateral Movement,Vulnerability advisory,65,India,Asia,False Positive,38,3,0.01,23,False,AN-007,Synthetic phishing event; review indicator context.
INC-00029,2026-01-09,2026-01-09,22,Jan,Friday,Phishing,High,0.51,Firewall,VPN Gateway,Engineering,Vulnerable Application,Persistence,No external match,51,Canada,North America,Blocked,25,7,0.01,22,False,AN-004,Synthetic phishing event; review endpoint telemetry.
INC-00030,2026-01-10,2026-01-10,1,Jan,Saturday,Suspicious Login,Critical,0.97,EDR,Cloud Workload,Sales,Third-Party Access,Execution,No external match,17,United Kingdom,Europe,Investigating,123,7,0.0,11,False,AN-006,Synthetic suspicious login event; review network logs.
INC-00031,2026-01-10,2026-01-10,17,Jan,Saturday,Malware,Low,0.12,Web Application Firewall,Web Server,Sales,USB Device,Collection,Phishing domain,91,India,Asia,False Positive,90,0,0.0,9,False,AN-008,Synthetic malware event; review email evidence.
INC-00032,2026-01-10,2026-01-10,20,Jan,Saturday,Malware,Critical,0.85,Firewall,Endpoint Workstation,Sales,Email Attachment,Discovery,Botnet indicator,56,United States,North America,Resolved,268,10,0.0,64,True,AN-005,Synthetic malware event; review endpoint telemetry.
INC-00033,2026-01-11,2026-01-11,2,Jan,Sunday,Malware,Low,0.14,Email Security,Employee Laptop,Operations,Unusual Network Traffic,Command and Control,Credential leak indicator,81,India,Asia,Investigating,58,1,0.01,13,True,AN-006,Synthetic malware event; review network logs.
INC-00034,2026-01-11,2026-01-11,3,Jan,Sunday,Malware,Medium,0.44,IDS/IPS,Cloud Workload,Research,Unusual Network Traffic,Execution,Vulnerability advisory,97,United States,North America,False Positive,49,1,0.02,18,False,AN-009,Synthetic malware event; review network logs.
INC-00035,2026-01-11,2026-01-11,10,Jan,Sunday,Ransomware,High,0.61,EDR,Payment API,HR,USB Device,Persistence,Credential leak indicator,61,United States,North America,Contained,112,4,0.0,11,True,AN-012,Synthetic ransomware event; review email evidence.
INC-00036,2026-01-11,2026-01-11,11,Jan,Sunday,Malware,Low,0.17,Identity Provider,File Server,Engineering,Unusual Network Traffic,Collection,Vulnerability advisory,56,United States,North America,Blocked,25,2,0.01,7,True,AN-005,Synthetic malware event; review identity activity.
INC-00037,2026-01-12,2026-01-12,5,Jan,Monday,Brute Force,Medium,0.47,Firewall,Payment API,Engineering,Vulnerable Application,Credential Access,No external match,28,Singapore,Asia,Blocked,25,3,0.01,11,False,AN-010,Synthetic brute force event; review email evidence.
INC-00038,2026-01-12,2026-01-12,15,Jan,Monday,Web Attack,Low,0.21,Email Security,Endpoint Workstation,Customer Support,Exposed Service,Privilege Escalation,Phishing domain,71,Canada,North America,Escalated,16,1,0.0,7,True,AN-007,Synthetic web attack event; review network logs.
INC-00039,2026-01-12,2026-01-12,20,Jan,Monday,Data Exfiltration,Medium,0.28,EDR,Web Server,Operations,Misconfiguration,Command and Control,Vulnerability advisory,78,Canada,North America,Blocked,25,4,0.14,7,True,AN-003,Synthetic data exfiltration event; review email evidence.
INC-00040,2026-01-13,2026-01-13,2,Jan,Tuesday,Insider Threat,Medium,0.38,Cloud Security,Payment API,Engineering,Malicious Link,Execution,Known malicious IP,93,Japan,Asia,Blocked,25,1,0.0,11,True,AN-008,Synthetic insider threat event; review network logs.
INC-00041,2026-01-13,2026-01-13,4,Jan,Tuesday,Ransomware,Medium,0.4,IDS/IPS,Email Gateway,IT,Stolen Credentials,Collection,Botnet indicator,54,Japan,Asia,Escalated,57,3,0.01,19,True,AN-006,Synthetic ransomware event; review endpoint telemetry.
INC-00042,2026-01-13,2026-01-13,6,Jan,Tuesday,Brute Force,High,0.73,Firewall,Web Server,HR,Misconfiguration,Privilege Escalation,Known malicious IP,52,United States,North America,Resolved,75,7,0.0,5,True,AN-008,Synthetic brute force event; review indicator context.
INC-00043,2026-01-13,2026-01-13,8,Jan,Tuesday,Suspicious Login,Low,0.14,Identity Provider,Employee Laptop,IT,Stolen Credentials,Defense Evasion,Suspicious domain,70,India,Asia,Resolved,149,0,0.0,14,True,AN-012,Synthetic suspicious login event; review network logs.
INC-00044,2026-01-13,2026-01-13,12,Jan,Tuesday,Suspicious Login,High,0.63,SIEM,Web Server,IT,USB Device,Initial Access,Phishing domain,51,United States,North America,Contained,41,6,0.01,26,True,AN-011,Synthetic suspicious login event; review email evidence.
INC-00045,2026-01-13,2026-01-13,13,Jan,Tuesday,Brute Force,Low,0.17,Cloud Security,Employee Laptop,Engineering,Vulnerable Application,Discovery,Phishing domain,58,United States,North America,False Positive,127,1,0.0,10,False,AN-013,Synthetic brute force event; review endpoint telemetry.
INC-00046,2026-01-14,2026-01-14,18,Jan,Wednesday,Ransomware,Low,0.09,SIEM,VPN Gateway,Finance,Exposed Service,Credential Access,Phishing domain,75,United Kingdom,Europe,Blocked,20,2,0.0,14,True,AN-010,Synthetic ransomware event; review identity activity.
INC-00047,2026-01-15,2026-01-15,0,Jan,Thursday,Phishing,Low,0.08,SIEM,Cloud Workload,Engineering,Misconfiguration,Persistence,Known malicious IP,63,Netherlands,Europe,Resolved,75,0,0.0,8,True,AN-011,Synthetic phishing event; review indicator context.
INC-00048,2026-01-15,2026-01-15,11,Jan,Thursday,Brute Force,Low,0.11,Web Application Firewall,Endpoint Workstation,Operations,Malicious Link,Exfiltration,Phishing domain,48,India,Asia,Blocked,25,0,0.04,22,True,AN-001,Synthetic brute force event; review email evidence.
INC-00049,2026-01-15,2026-01-15,13,Jan,Thursday,Malware,Low,0.1,IDS/IPS,Employee Laptop,HR,Misconfiguration,Command and Control,Known malicious IP,56,Germany,Europe,Blocked,25,0,0.01,3,True,AN-009,Synthetic malware event; review email evidence.
INC-00050,2026-01-15,2026-01-15,20,Jan,Thursday,DDoS,Low,0.22,Web Application Firewall,Web Server,Sales,USB Device,Initial Access,Phishing domain,52,United Kingdom,Europe,Escalated,52,2,0.01,15,True,AN-009,Synthetic ddos event; review endpoint telemetry.
INC-00051,2026-01-15,2026-01-15,22,Jan,Thursday,Ransomware,Medium,0.33,Email Security,Database Server,HR,Third-Party Access,Defense Evasion,Credential leak indicator,64,Netherlands,Europe,Escalated,53,2,0.0,2,True,AN-006,Synthetic ransomware event; review network logs.
INC-00052,2026-01-16,2026-01-16,6,Jan,Friday,Brute Force,Low,0.18,Web Application Firewall,Employee Laptop,Customer Support,Third-Party Access,Impact,Credential leak indicator,96,India,Asia,Investigating,47,0,0.01,10,True,AN-002,Synthetic brute force event; review email evidence.
INC-00053,2026-01-16,2026-01-16,12,Jan,Friday,Malware,Medium,0.22,Identity Provider,File Server,HR,USB Device,Impact,Known malicious IP,76,Singapore,Asia,Investigating,51,4,0.01,24,True,AN-006,Synthetic malware event; review email evidence.
INC-00054,2026-01-17,2026-01-17,0,Jan,Saturday,Suspicious Login,Low,0.1,Email Security,Database Server,IT,Email Attachment,Defense Evasion,No external match,20,United Kingdom,Europe,Investigating,88,1,0.0,20,False,AN-008,Synthetic suspicious login event; review network logs.
INC-00055,2026-01-17,2026-01-17,7,Jan,Saturday,Ransomware,Medium,0.48,Identity Provider,Employee Laptop,IT,Third-Party Access,Discovery,Malware hash,85,United States,North America,Contained,47,4,0.01,13,True,AN-007,Synthetic ransomware event; review network logs.
INC-00056,2026-01-18,2026-01-18,2,Jan,Sunday,Brute Force,Low,0.17,SIEM,Employee Laptop,Engineering,Third-Party Access,Persistence,Malware hash,52,Germany,Europe,Blocked,25,2,0.01,10,True,AN-004,Synthetic brute force event; review email evidence.
INC-00057,2026-01-18,2026-01-18,20,Jan,Sunday,Ransomware,Critical,0.8,EDR,Email Gateway,Customer Support,Misconfiguration,Privilege Escalation,No external match,46,Canada,North America,Investigating,105,8,0.0,34,False,AN-014,Synthetic ransomware event; review endpoint telemetry.
INC-00058,2026-01-19,2026-01-19,4,Jan,Monday,Malware,Critical,0.96,Web Application Firewall,Employee Laptop,Finance,Third-Party Access,Privilege Escalation,Botnet indicator,76,India,Asia,Investigating,148,10,0.0,20,True,AN-012,Synthetic malware event; review indicator context.
INC-00059,2026-01-19,2026-01-19,15,Jan,Monday,Malware,Low,0.22,Web Application Firewall,Email Gateway,Research,Stolen Credentials,Collection,Suspicious domain,98,Canada,North America,Resolved,66,1,0.01,19,True,AN-008,Synthetic malware event; review network logs.
INC-00060,2026-01-19,2026-01-19,22,Jan,Monday,Brute Force,Medium,0.31,Identity Provider,Email Gateway,HR,Third-Party Access,Exfiltration,Known malicious IP,78,India,Asia,Blocked,25,1,0.0,6,True,AN-006,Synthetic brute force event; review network logs.
INC-00061,2026-01-20,2026-01-20,0,Jan,Tuesday,Phishing,Critical,0.99,SIEM,VPN Gateway,Sales,USB Device,Lateral Movement,Credential leak indicator,88,India,Asia,Blocked,25,10,0.01,42,True,AN-013,Synthetic phishing event; review identity activity.
INC-00062,2026-01-20,2026-01-20,15,Jan,Tuesday,Phishing,Medium,0.24,SIEM,Endpoint Workstation,Finance,Stolen Credentials,Exfiltration,Credential leak indicator,55,United States,North America,Escalated,60,1,0.02,6,True,AN-012,Synthetic phishing event; review identity activity.
INC-00063,2026-01-21,2026-01-21,6,Jan,Wednesday,Phishing,Low,0.21,IDS/IPS,File Server,IT,Vulnerable Application,Lateral Movement,Botnet indicator,95,India,Asia,Investigating,58,2,0.0,6,True,AN-004,Synthetic phishing event; review identity activity.
INC-00064,2026-01-22,2026-01-22,9,Jan,Thursday,Brute Force,Low,0.22,SIEM,Payment API,Sales,Unusual Network Traffic,Privilege Escalation,Credential leak indicator,87,Netherlands,Europe,Investigating,38,1,0.02,9,True,AN-007,Synthetic brute force event; review identity activity.
INC-00065,2026-01-23,2026-01-23,4,Jan,Friday,Brute Force,Medium,0.47,SIEM,Database Server,Customer Support,Malicious Link,Collection,Known malicious IP,66,United States,North America,Resolved,60,2,0.0,6,True,AN-014,Synthetic brute force event; review identity activity.
INC-00066,2026-01-23,2026-01-23,4,Jan,Friday,Phishing,Low,0.21,Identity Provider,Cloud Workload,Sales,Malicious Link,Defense Evasion,Malware hash,83,India,Asia,Contained,73,0,0.0,7,True,AN-004,Synthetic phishing event; review endpoint telemetry.
INC-00067,2026-01-23,2026-01-23,15,Jan,Friday,Suspicious Login,Low,0.16,Firewall,Web Server,Finance,Exposed Service,Credential Access,Phishing domain,63,India,Asia,Investigating,62,0,0.0,9,True,AN-006,Synthetic suspicious login event; review identity activity.
INC-00068,2026-01-24,2026-01-24,3,Jan,Saturday,Phishing,High,0.57,Cloud Security,Endpoint Workstation,IT,USB Device,Lateral Movement,Botnet indicator,86,India,Asia,Contained,125,4,0.0,64,True,AN-008,Synthetic phishing event; review identity activity.
INC-00069,2026-01-24,2026-01-24,15,Jan,Saturday,Suspicious Login,High,0.75,Identity Provider,File Server,IT,Vulnerable Application,Persistence,Suspicious domain,80,United States,North America,Blocked,25,5,0.0,13,True,AN-012,Synthetic suspicious login event; review indicator context.
INC-00070,2026-01-24,2026-01-24,15,Jan,Saturday,Web Attack,Critical,0.96,SIEM,Web Server,Finance,Malicious Link,Collection,Malware hash,63,United States,North America,Contained,125,8,0.0,4,True,AN-010,Synthetic web attack event; review email evidence.
INC-00071,2026-01-24,2026-01-24,15,Jan,Saturday,Suspicious Login,Medium,0.44,SIEM,File Server,HR,Stolen Credentials,Command and Control,No external match,33,India,Asia,Blocked,25,4,0.0,14,False,AN-004,Synthetic suspicious login event; review indicator context.
INC-00072,2026-01-25,2026-01-25,1,Jan,Sunday,Suspicious Login,Medium,0.29,SIEM,Email Gateway,Research,Misconfiguration,Collection,Known malicious IP,76,Australia,Oceania,Contained,22,3,0.0,20,True,AN-012,Synthetic suspicious login event; review indicator context.
INC-00073,2026-01-25,2026-01-25,2,Jan,Sunday,Brute Force,Medium,0.41,IDS/IPS,Endpoint Workstation,Operations,Exposed Service,Command and Control,No external match,19,India,Asia,Blocked,25,4,0.0,2,False,AN-004,Synthetic brute force event; review email evidence.
INC-00074,2026-01-25,2026-01-25,3,Jan,Sunday,Brute Force,High,0.51,Email Security,Email Gateway,IT,Exposed Service,Privilege Escalation,Phishing domain,94,India,Asia,Blocked,25,6,0.0,9,True,AN-001,Synthetic brute force event; review email evidence.
INC-00075,2026-01-25,2026-01-25,13,Jan,Sunday,Data Exfiltration,Medium,0.28,Identity Provider,Employee Laptop,Finance,Misconfiguration,Initial Access,No external match,23,United States,North America,Blocked,25,4,0.2,21,False,AN-014,Synthetic data exfiltration event; review network logs.
INC-00076,2026-01-25,2026-01-25,13,Jan,Sunday,Malware,Medium,0.42,SIEM,Domain Controller,Engineering,Exposed Service,Credential Access,No external match,39,Australia,Oceania,Escalated,18,1,0.0,3,False,AN-015,Synthetic malware event; review endpoint telemetry.
INC-00077,2026-01-25,2026-01-25,23,Jan,Sunday,DDoS,Medium,0.35,Identity Provider,Cloud Workload,Research,Email Attachment,Collection,Phishing domain,63,United States,North America,Resolved,42,3,0.0,20,True,AN-014,Synthetic ddos event; review indicator context.
INC-00078,2026-01-26,2026-01-26,5,Jan,Monday,Brute Force,Medium,0.39,IDS/IPS,Payment API,Sales,Exposed Service,Persistence,No external match,53,Japan,Asia,Blocked,25,1,0.0,19,False,AN-004,Synthetic brute force event; review endpoint telemetry.
INC-00079,2026-01-26,2026-01-26,5,Jan,Monday,Data Exfiltration,Medium,0.39,EDR,Payment API,Operations,Stolen Credentials,Command and Control,No external match,51,India,Asia,Blocked,25,2,0.33,21,False,AN-001,Synthetic data exfiltration event; review endpoint telemetry.
INC-00080,2026-01-26,2026-01-26,7,Jan,Monday,Suspicious Login,Low,0.2,IDS/IPS,Domain Controller,IT,Unusual Network Traffic,Defense Evasion,No external match,22,Netherlands,Europe,Blocked,25,2,0.0,18,False,AN-014,Synthetic suspicious login event; review network logs.
INC-00081,2026-01-26,2026-01-26,8,Jan,Monday,Ransomware,Medium,0.34,Web Application Firewall,Payment API,HR,USB Device,Persistence,No external match,47,India,Asia,False Positive,40,3,0.0,7,False,AN-004,Synthetic ransomware event; review indicator context.
INC-00082,2026-01-26,2026-01-26,11,Jan,Monday,Command and Control,Low,0.09,IDS/IPS,VPN Gateway,Research,Vulnerable Application,Defense Evasion,Credential leak indicator,79,India,Asia,Blocked,22,0,0.0,11,True,AN-011,Synthetic command and control event; review endpoint telemetry.
INC-00083,2026-01-26,2026-01-26,16,Jan,Monday,Suspicious Login,Medium,0.26,Identity Provider,Email Gateway,HR,Vulnerable Application,Persistence,Known malicious IP,93,United States,North America,Blocked,25,2,0.0,11,True,AN-011,Synthetic suspicious login event; review identity activity.
INC-00084,2026-01-26,2026-01-26,19,Jan,Monday,Phishing,Medium,0.37,Email Security,Employee Laptop,Sales,Misconfiguration,Initial Access,Credential leak indicator,83,Germany,Europe,Investigating,200,4,0.0,10,True,AN-007,Synthetic phishing event; review indicator context.
INC-00085,2026-01-27,2026-01-27,3,Jan,Tuesday,Suspicious Login,Low,0.14,IDS/IPS,File Server,Engineering,Unusual Network Traffic,Lateral Movement,No external match,61,India,Asia,Resolved,34,2,0.01,24,False,AN-012,Synthetic suspicious login event; review indicator context.
INC-00086,2026-01-27,2026-01-27,3,Jan,Tuesday,Web Attack,Medium,0.35,Cloud Security,Cloud Workload,HR,Vulnerable Application,Discovery,Known malicious IP,56,United Kingdom,Europe,Contained,113,3,0.0,18,True,AN-011,Synthetic web attack event; review indicator context.
INC-00087,2026-01-27,2026-01-27,8,Jan,Tuesday,Insider Threat,Medium,0.26,Email Security,Web Server,Sales,Misconfiguration,Impact,No external match,61,India,Asia,Investigating,77,2,0.0,9,False,AN-015,Synthetic insider threat event; review email evidence.
INC-00088,2026-01-27,2026-01-27,10,Jan,Tuesday,Phishing,Low,0.12,IDS/IPS,VPN Gateway,Customer Support,USB Device,Persistence,Phishing domain,92,Germany,Europe,Escalated,92,0,0.01,8,True,AN-015,Synthetic phishing event; review network logs.
INC-00089,2026-01-27,2026-01-27,12,Jan,Tuesday,Web Attack,Critical,0.99,Cloud Security,Payment API,HR,Stolen Credentials,Privilege Escalation,Malware hash,82,Australia,Oceania,Blocked,25,8,0.0,34,True,AN-002,Synthetic web attack event; review network logs.
INC-00090,2026-01-27,2026-01-27,14,Jan,Tuesday,Phishing,High,0.61,EDR,Employee Laptop,Research,Unusual Network Traffic,Exfiltration,Known malicious IP,81,Brazil,South America,Investigating,71,3,0.0,2,True,AN-001,Synthetic phishing event; review email evidence.
INC-00091,2026-01-27,2026-01-27,15,Jan,Tuesday,Brute Force,Low,0.16,SIEM,Payment API,Finance,USB Device,Lateral Movement,Suspicious domain,82,United States,North America,Blocked,25,0,0.01,4,True,AN-011,Synthetic brute force event; review indicator context.
INC-00092,2026-01-27,2026-01-27,16,Jan,Tuesday,Phishing,Critical,0.88,Email Security,Endpoint Workstation,Finance,Unusual Network Traffic,Lateral Movement,Botnet indicator,84,United Kingdom,Europe,Contained,90,8,0.0,50,True,AN-008,Synthetic phishing event; review email evidence.
INC-00093,2026-01-27,2026-01-27,18,Jan,Tuesday,Brute Force,High,0.51,Web Application Firewall,Cloud Workload,Finance,Unusual Network Traffic,Command and Control,No external match,41,Germany,Europe,Blocked,25,3,0.0,35,False,AN-001,Synthetic brute force event; review endpoint telemetry.
INC-00094,2026-01-27,2026-01-27,23,Jan,Tuesday,Suspicious Login,Critical,0.78,IDS/IPS,Cloud Workload,Customer Support,Unusual Network Traffic,Discovery,Credential leak indicator,91,Japan,Asia,Investigating,105,6,0.01,10,True,AN-010,Synthetic suspicious login event; review identity activity.
INC-00095,2026-01-28,2026-01-28,5,Jan,Wednesday,Data Exfiltration,Low,0.18,IDS/IPS,VPN Gateway,Research,Misconfiguration,Collection,Phishing domain,85,United Kingdom,Europe,Investigating,17,0,0.37,3,True,AN-004,Synthetic data exfiltration event; review email evidence.
INC-00096,2026-01-28,2026-01-28,18,Jan,Wednesday,Phishing,Medium,0.44,Identity Provider,Database Server,HR,Email Attachment,Defense Evasion,Credential leak indicator,53,Germany,Europe,Escalated,63,3,0.0,12,True,AN-012,Synthetic phishing event; review identity activity.
INC-00097,2026-01-28,2026-01-28,23,Jan,Wednesday,Data Exfiltration,Low,0.13,SIEM,Email Gateway,Finance,Malicious Link,Collection,Botnet indicator,60,United Kingdom,Europe,False Positive,91,0,0.19,4,False,AN-001,Synthetic data exfiltration event; review network logs.
INC-00098,2026-01-29,2026-01-29,11,Jan,Thursday,Brute Force,Low,0.14,IDS/IPS,Email Gateway,HR,Misconfiguration,Privilege Escalation,Known malicious IP,80,United Kingdom,Europe,Blocked,25,0,0.0,10,True,AN-012,Synthetic brute force event; review email evidence.
INC-00099,2026-01-29,2026-01-29,22,Jan,Thursday,Ransomware,Medium,0.36,Email Security,Email Gateway,Sales,Third-Party Access,Privilege Escalation,Known malicious IP,98,India,Asia,Investigating,36,1,0.01,19,True,AN-012,Synthetic ransomware event; review network logs.
INC-00100,2026-01-30,2026-01-30,11,Jan,Friday,Malware,Critical,0.99,Email Security,Database Server,IT,Misconfiguration,Execution,No external match,10,United States,North America,Investigating,139,6,0.0,63,False,AN-005,Synthetic malware event; review network logs.
INC-00101,2026-01-30,2026-01-30,15,Jan,Friday,Insider Threat,Low,0.09,Email Security,Domain Controller,Sales,Malicious Link,Credential Access,Phishing domain,93,United States,North America,Investigating,28,0,0.0,4,True,AN-005,Synthetic insider threat event; review network logs.
INC-00102,2026-01-30,2026-01-30,17,Jan,Friday,Command and Control,Medium,0.36,Firewall,Email Gateway,Engineering,Stolen Credentials,Defense Evasion,Credential leak indicator,82,India,Asia,Contained,46,3,0.01,9,True,AN-005,Synthetic command and control event; review identity activity.
INC-00103,2026-01-30,2026-01-30,19,Jan,Friday,Web Attack,Medium,0.31,Cloud Security,Database Server,Finance,Exposed Service,Exfiltration,Phishing domain,82,Germany,Europe,Blocked,25,1,0.01,22,True,AN-015,Synthetic web attack event; review endpoint telemetry.
INC-00104,2026-01-30,2026-01-30,21,Jan,Friday,Command and Control,High,0.69,Email Security,Email Gateway,HR,Email Attachment,Command and Control,No external match,43,United States,North America,Blocked,25,3,0.0,7,False,AN-012,Synthetic command and control event; review endpoint telemetry.
INC-00105,2026-01-31,2026-01-31,4,Jan,Saturday,Phishing,Low,0.08,Identity Provider,VPN Gateway,Research,Stolen Credentials,Command and Control,Phishing domain,61,India,Asia,Contained,51,1,0.01,2,True,AN-008,Synthetic phishing event; review identity activity.
INC-00106,2026-01-31,2026-01-31,9,Jan,Saturday,Suspicious Login,Medium,0.42,Web Application Firewall,File Server,Operations,Vulnerable Application,Initial Access,Known malicious IP,61,Canada,North America,False Positive,96,3,0.0,3,False,AN-005,Synthetic suspicious login event; review identity activity.
INC-00107,2026-01-31,2026-01-31,13,Jan,Saturday,Suspicious Login,Low,0.19,IDS/IPS,Payment API,Operations,Email Attachment,Impact,Phishing domain,98,Germany,Europe,False Positive,25,2,0.01,5,False,AN-005,Synthetic suspicious login event; review email evidence.
INC-00108,2026-01-31,2026-01-31,23,Jan,Saturday,DDoS,Medium,0.31,Web Application Firewall,Email Gateway,Customer Support,Third-Party Access,Initial Access,No external match,41,United States,North America,Blocked,25,4,0.01,19,False,AN-008,Synthetic ddos event; review email evidence.
INC-00109,2026-02-01,2026-02-01,20,Feb,Sunday,DDoS,High,0.52,EDR,Database Server,Engineering,Malicious Link,Exfiltration,Vulnerability advisory,59,India,Asia,Resolved,147,7,0.01,1,True,AN-002,Synthetic ddos event; review network logs.
INC-00110,2026-02-01,2026-02-01,20,Feb,Sunday,Malware,Low,0.17,Cloud Security,Web Server,Customer Support,Third-Party Access,Exfiltration,Known malicious IP,84,Japan,Asia,False Positive,75,1,0.0,11,False,AN-005,Synthetic malware event; review email evidence.
INC-00111,2026-02-02,2026-02-02,1,Feb,Monday,Malware,Medium,0.46,Web Application Firewall,Payment API,HR,Misconfiguration,Collection,Phishing domain,75,India,Asia,Escalated,36,2,0.0,15,True,AN-002,Synthetic malware event; review network logs.
INC-00112,2026-02-02,2026-02-02,8,Feb,Monday,Ransomware,Medium,0.31,IDS/IPS,Email Gateway,Sales,Email Attachment,Credential Access,Suspicious domain,62,India,Asia,Escalated,18,2,0.03,9,True,AN-009,Synthetic ransomware event; review endpoint telemetry.
INC-00113,2026-02-02,2026-02-02,11,Feb,Monday,Phishing,Medium,0.27,Email Security,Web Server,Research,Third-Party Access,Exfiltration,No external match,26,Singapore,Asia,Contained,34,4,0.01,9,False,AN-001,Synthetic phishing event; review identity activity.
INC-00114,2026-02-02,2026-02-02,18,Feb,Monday,Brute Force,High,0.78,Web Application Firewall,Endpoint Workstation,Operations,Vulnerable Application,Lateral Movement,Credential leak indicator,84,India,Asia,Investigating,84,5,0.0,54,True,AN-008,Synthetic brute force event; review email evidence.
INC-00115,2026-02-03,2026-02-03,0,Feb,Tuesday,Phishing,Low,0.16,Web Application Firewall,Domain Controller,Sales,Email Attachment,Persistence,Known malicious IP,72,Canada,North America,Resolved,69,2,0.0,7,True,AN-005,Synthetic phishing event; review indicator context.
INC-00116,2026-02-03,2026-02-03,4,Feb,Tuesday,Phishing,High,0.66,SIEM,Cloud Workload,Finance,Misconfiguration,Impact,Vulnerability advisory,85,United States,North America,Blocked,25,3,0.0,28,True,AN-002,Synthetic phishing event; review endpoint telemetry.
INC-00117,2026-02-03,2026-02-03,6,Feb,Tuesday,Ransomware,Medium,0.33,Identity Provider,Payment API,Operations,Unusual Network Traffic,Command and Control,Phishing domain,50,Netherlands,Europe,Escalated,35,1,0.01,21,True,AN-001,Synthetic ransomware event; review email evidence.
INC-00118,2026-02-03,2026-02-03,6,Feb,Tuesday,Phishing,Medium,0.24,Firewall,Web Server,Customer Support,Stolen Credentials,Execution,No external match,41,Japan,Asia,Blocked,25,2,0.0,17,False,AN-004,Synthetic phishing event; review email evidence.
INC-00119,2026-02-03,2026-02-03,9,Feb,Tuesday,Malware,Medium,0.37,EDR,Database Server,IT,USB Device,Initial Access,No external match,14,India,Asia,Blocked,25,3,0.06,14,False,AN-013,Synthetic malware event; review identity activity.
INC-00120,2026-02-03,2026-02-03,12,Feb,Tuesday,Suspicious Login,Medium,0.33,EDR,Endpoint Workstation,Research,Vulnerable Application,Exfiltration,No external match,12,United Kingdom,Europe,Investigating,124,3,0.02,7,False,AN-013,Synthetic suspicious login event; review network logs.
INC-00121,2026-02-03,2026-02-03,15,Feb,Tuesday,Brute Force,Medium,0.36,Cloud Security,File Server,Sales,Email Attachment,Persistence,Known malicious IP,69,United States,North America,Contained,59,1,0.02,11,True,AN-003,Synthetic brute force event; review network logs.
INC-00122,2026-02-04,2026-02-04,2,Feb,Wednesday,Command and Control,Low,0.19,SIEM,File Server,Research,Exposed Service,Defense Evasion,Suspicious domain,64,India,Asia,Resolved,87,0,0.0,5,True,AN-008,Synthetic command and control event; review indicator context.
INC-00123,2026-02-04,2026-02-04,3,Feb,Wednesday,Suspicious Login,Medium,0.38,Cloud Security,File Server,Research,Misconfiguration,Credential Access,No external match,39,Brazil,South America,False Positive,27,3,0.01,5,False,AN-009,Synthetic suspicious login event; review email evidence.
INC-00124,2026-02-04,2026-02-04,8,Feb,Wednesday,DDoS,Low,0.11,EDR,Employee Laptop,IT,Vulnerable Application,Impact,Vulnerability advisory,50,India,Asia,Escalated,18,1,0.0,16,True,AN-004,Synthetic ddos event; review identity activity.
INC-00125,2026-02-04,2026-02-04,8,Feb,Wednesday,DDoS,High,0.7,SIEM,Employee Laptop,Finance,Vulnerable Application,Discovery,No external match,37,United States,North America,Resolved,64,5,0.0,22,False,AN-008,Synthetic ddos event; review email evidence.
INC-00126,2026-02-04,2026-02-04,15,Feb,Wednesday,DDoS,Low,0.14,Identity Provider,Web Server,IT,Exposed Service,Impact,Suspicious domain,79,Germany,Europe,Resolved,95,1,0.01,13,True,AN-015,Synthetic ddos event; review email evidence.
INC-00127,2026-02-04,2026-02-04,23,Feb,Wednesday,Ransomware,Medium,0.24,Cloud Security,Database Server,Engineering,Exposed Service,Defense Evasion,No external match,11,India,Asia,Resolved,113,3,0.01,8,False,AN-001,Synthetic ransomware event; review identity activity.
INC-00128,2026-02-05,2026-02-05,8,Feb,Thursday,Insider Threat,Low,0.13,Email Security,Web Server,Research,Unusual Network Traffic,Impact,No external match,31,United Kingdom,Europe,Blocked,11,0,0.0,24,False,AN-003,Synthetic insider threat event; review network logs.
INC-00129,2026-02-05,2026-02-05,17,Feb,Thursday,Web Attack,Low,0.21,Identity Provider,Domain Controller,HR,USB Device,Initial Access,No external match,37,United Kingdom,Europe,Investigating,82,2,0.0,15,False,AN-015,Synthetic web attack event; review identity activity.
INC-00130,2026-02-05,2026-02-05,19,Feb,Thursday,Brute Force,Medium,0.39,Web Application Firewall,Email Gateway,HR,Malicious Link,Defense Evasion,Suspicious domain,53,United States,North America,Blocked,16,2,0.0,14,True,AN-013,Synthetic brute force event; review endpoint telemetry.
INC-00131,2026-02-05,2026-02-05,20,Feb,Thursday,Phishing,Medium,0.46,Web Application Firewall,File Server,Engineering,Malicious Link,Exfiltration,Known malicious IP,46,Netherlands,Europe,False Positive,32,3,0.01,4,False,AN-006,Synthetic phishing event; review endpoint telemetry.
INC-00132,2026-02-06,2026-02-06,5,Feb,Friday,Brute Force,Medium,0.35,Email Security,VPN Gateway,Finance,Misconfiguration,Execution,Malware hash,54,United States,North America,Blocked,25,1,0.01,16,True,AN-012,Synthetic brute force event; review email evidence.
INC-00133,2026-02-06,2026-02-06,5,Feb,Friday,Malware,Low,0.18,IDS/IPS,Cloud Workload,IT,Vulnerable Application,Execution,Suspicious domain,62,United States,North America,Contained,69,1,0.01,12,True,AN-010,Synthetic malware event; review indicator context.
INC-00134,2026-02-06,2026-02-06,9,Feb,Friday,Suspicious Login,Low,0.16,Firewall,Payment API,HR,Email Attachment,Collection,Known malicious IP,51,Australia,Oceania,Investigating,9,2,0.01,5,True,AN-006,Synthetic suspicious login event; review indicator context.
INC-00135,2026-02-06,2026-02-06,16,Feb,Friday,Phishing,Medium,0.31,EDR,Database Server,Operations,Third-Party Access,Command and Control,No external match,37,United States,North America,Contained,69,3,0.0,14,False,AN-015,Synthetic phishing event; review network logs.
INC-00136,2026-02-06,2026-02-06,21,Feb,Friday,Suspicious Login,Medium,0.34,Email Security,Cloud Workload,HR,Vulnerable Application,Execution,No external match,29,India,Asia,Blocked,25,4,0.0,7,False,AN-003,Synthetic suspicious login event; review network logs.
INC-00137,2026-02-06,2026-02-06,23,Feb,Friday,Data Exfiltration,Low,0.2,Firewall,Employee Laptop,HR,Vulnerable Application,Persistence,Suspicious domain,64,Netherlands,Europe,False Positive,117,1,0.2,24,False,AN-002,Synthetic data exfiltration event; review network logs.
INC-00138,2026-02-07,2026-02-07,0,Feb,Saturday,DDoS,High,0.67,Firewall,Payment API,HR,Exposed Service,Exfiltration,Suspicious domain,84,United States,North America,Contained,148,3,0.0,57,True,AN-006,Synthetic ddos event; review identity activity.
INC-00139,2026-02-07,2026-02-07,13,Feb,Saturday,Data Exfiltration,High,0.68,EDR,Domain Controller,Finance,Exposed Service,Impact,Suspicious domain,74,Japan,Asia,Contained,116,7,0.22,45,True,AN-006,Synthetic data exfiltration event; review email evidence.
INC-00140,2026-02-07,2026-02-07,16,Feb,Saturday,Data Exfiltration,Low,0.15,Firewall,VPN Gateway,Finance,Misconfiguration,Execution,Botnet indicator,69,Netherlands,Europe,Blocked,14,1,0.1,12,True,AN-012,Synthetic data exfiltration event; review email evidence.
INC-00141,2026-02-08,2026-02-08,5,Feb,Sunday,Data Exfiltration,High,0.58,Email Security,Web Server,Research,Stolen Credentials,Defense Evasion,Phishing domain,71,Canada,North America,Blocked,25,4,0.06,4,True,AN-014,Synthetic data exfiltration event; review endpoint telemetry.
INC-00142,2026-02-08,2026-02-08,11,Feb,Sunday,Data Exfiltration,High,0.53,EDR,Cloud Workload,Engineering,Third-Party Access,Privilege Escalation,Vulnerability advisory,66,India,Asia,Contained,113,5,0.05,15,True,AN-006,Synthetic data exfiltration event; review indicator context.
INC-00143,2026-02-08,2026-02-08,22,Feb,Sunday,Phishing,Medium,0.47,Email Security,File Server,Sales,Exposed Service,Defense Evasion,Suspicious domain,73,India,Asia,Blocked,25,3,0.0,17,True,AN-007,Synthetic phishing event; review network logs.
INC-00144,2026-02-09,2026-02-09,3,Feb,Monday,Malware,High,0.72,Identity Provider,Web Server,IT,Misconfiguration,Privilege Escalation,Botnet indicator,63,United States,North America,False Positive,83,5,0.0,46,False,AN-002,Synthetic malware event; review network logs.
INC-00145,2026-02-09,2026-02-09,3,Feb,Monday,Phishing,Low,0.2,Cloud Security,VPN Gateway,Sales,Email Attachment,Initial Access,Phishing domain,46,Australia,Oceania,Contained,27,2,0.0,14,True,AN-014,Synthetic phishing event; review network logs.
INC-00146,2026-02-09,2026-02-09,3,Feb,Monday,Suspicious Login,High,0.69,EDR,Endpoint Workstation,IT,USB Device,Exfiltration,Botnet indicator,48,United Kingdom,Europe,Resolved,58,4,0.01,64,True,AN-005,Synthetic suspicious login event; review indicator context.
INC-00147,2026-02-09,2026-02-09,4,Feb,Monday,Malware,High,0.75,Cloud Security,Email Gateway,HR,Exposed Service,Persistence,Known malicious IP,50,Brazil,South America,Contained,79,5,0.01,49,True,AN-011,Synthetic malware event; review endpoint telemetry.
INC-00148,2026-02-09,2026-02-09,6,Feb,Monday,Brute Force,Medium,0.46,Firewall,File Server,IT,Misconfiguration,Lateral Movement,Vulnerability advisory,64,Canada,North America,Blocked,25,3,0.0,2,True,AN-007,Synthetic brute force event; review network logs.
INC-00149,2026-02-09,2026-02-09,6,Feb,Monday,Phishing,Low,0.11,Email Security,VPN Gateway,HR,Vulnerable Application,Lateral Movement,Known malicious IP,71,Brazil,South America,Blocked,25,0,0.01,7,True,AN-007,Synthetic phishing event; review indicator context.
INC-00150,2026-02-09,2026-02-09,7,Feb,Monday,Malware,Low,0.18,Identity Provider,Cloud Workload,Engineering,Misconfiguration,Persistence,Phishing domain,89,Japan,Asia,Escalated,32,2,0.0,20,True,AN-012,Synthetic malware event; review identity activity.
INC-00151,2026-02-09,2026-02-09,13,Feb,Monday,Phishing,Medium,0.39,SIEM,VPN Gateway,IT,Email Attachment,Exfiltration,Suspicious domain,93,United States,North America,Blocked,25,2,0.0,18,True,AN-006,Synthetic phishing event; review identity activity.
INC-00152,2026-02-10,2026-02-10,1,Feb,Tuesday,Phishing,Medium,0.43,SIEM,Database Server,Engineering,Email Attachment,Defense Evasion,Suspicious domain,70,Brazil,South America,Escalated,42,1,0.01,10,True,AN-013,Synthetic phishing event; review indicator context.
INC-00153,2026-02-10,2026-02-10,6,Feb,Tuesday,Insider Threat,Medium,0.36,IDS/IPS,Database Server,Engineering,Misconfiguration,Initial Access,Phishing domain,52,India,Asia,Investigating,16,1,0.0,3,True,AN-003,Synthetic insider threat event; review indicator context.
INC-00154,2026-02-10,2026-02-10,6,Feb,Tuesday,DDoS,Medium,0.31,Cloud Security,Endpoint Workstation,Engineering,Third-Party Access,Collection,Credential leak indicator,53,India,Asia,Blocked,25,3,0.03,3,True,AN-006,Synthetic ddos event; review email evidence.
INC-00155,2026-02-10,2026-02-10,11,Feb,Tuesday,Brute Force,Low,0.17,Web Application Firewall,Database Server,Engineering,Unusual Network Traffic,Collection,Known malicious IP,67,United States,North America,Escalated,58,1,0.01,21,True,AN-003,Synthetic brute force event; review network logs.
INC-00156,2026-02-10,2026-02-10,15,Feb,Tuesday,Phishing,Medium,0.34,Email Security,Employee Laptop,Finance,Unusual Network Traffic,Privilege Escalation,Credential leak indicator,45,India,Asia,False Positive,69,4,0.0,17,False,AN-007,Synthetic phishing event; review network logs.
INC-00157,2026-02-10,2026-02-10,22,Feb,Tuesday,Ransomware,Medium,0.4,EDR,Web Server,Research,USB Device,Persistence,Phishing domain,81,India,Asia,Investigating,61,2,0.0,4,True,AN-013,Synthetic ransomware event; review email evidence.
INC-00158,2026-02-11,2026-02-11,9,Feb,Wednesday,Phishing,Low,0.14,SIEM,Database Server,Customer Support,Malicious Link,Discovery,Suspicious domain,53,Australia,Oceania,Escalated,49,0,0.0,1,True,AN-005,Synthetic phishing event; review endpoint telemetry.
INC-00159,2026-02-11,2026-02-11,10,Feb,Wednesday,Command and Control,High,0.72,IDS/IPS,Web Server,Customer Support,Exposed Service,Execution,Phishing domain,59,India,Asia,Investigating,87,7,0.0,17,True,AN-014,Synthetic command and control event; review email evidence.
INC-00160,2026-02-11,2026-02-11,11,Feb,Wednesday,Suspicious Login,High,0.68,IDS/IPS,Employee Laptop,Research,Misconfiguration,Command and Control,Phishing domain,78,Brazil,South America,False Positive,39,3,0.03,11,False,AN-004,Synthetic suspicious login event; review identity activity.
INC-00161,2026-02-11,2026-02-11,13,Feb,Wednesday,Phishing,High,0.73,Email Security,Cloud Workload,Finance,Exposed Service,Collection,No external match,45,United Kingdom,Europe,Investigating,49,7,0.01,5,False,AN-002,Synthetic phishing event; review endpoint telemetry.
INC-00162,2026-02-12,2026-02-12,10,Feb,Thursday,Malware,Medium,0.25,SIEM,Employee Laptop,Engineering,Exposed Service,Credential Access,No external match,25,Brazil,South America,Contained,54,2,0.01,6,False,AN-006,Synthetic malware event; review endpoint telemetry.
INC-00163,2026-02-12,2026-02-12,10,Feb,Thursday,DDoS,High,0.62,Firewall,Database Server,Finance,Malicious Link,Command and Control,Known malicious IP,65,United States,North America,Blocked,25,6,0.0,9,True,AN-011,Synthetic ddos event; review identity activity.
INC-00164,2026-02-12,2026-02-12,15,Feb,Thursday,Ransomware,Low,0.11,Cloud Security,File Server,Sales,Exposed Service,Persistence,Credential leak indicator,98,United States,North America,Escalated,54,1,0.0,22,True,AN-008,Synthetic ransomware event; review indicator context.
INC-00165,2026-02-12,2026-02-12,22,Feb,Thursday,Ransomware,Medium,0.42,Web Application Firewall,Database Server,HR,Email Attachment,Credential Access,Phishing domain,54,United Kingdom,Europe,Investigating,67,2,0.01,22,True,AN-007,Synthetic ransomware event; review identity activity.
INC-00166,2026-02-12,2026-02-12,23,Feb,Thursday,Malware,High,0.61,Identity Provider,Email Gateway,Finance,Malicious Link,Persistence,Suspicious domain,63,Japan,Asia,Resolved,199,7,0.0,8,True,AN-004,Synthetic malware event; review identity activity.
INC-00167,2026-02-13,2026-02-13,0,Feb,Friday,Phishing,High,0.71,IDS/IPS,File Server,IT,Exposed Service,Execution,No external match,17,India,Asia,Contained,135,3,0.0,21,False,AN-006,Synthetic phishing event; review identity activity.
INC-00168,2026-02-13,2026-02-13,4,Feb,Friday,Phishing,Low,0.21,Firewall,Database Server,Customer Support,Exposed Service,Defense Evasion,No external match,45,Japan,Asia,Resolved,45,0,0.01,18,False,AN-009,Synthetic phishing event; review identity activity.
INC-00169,2026-02-13,2026-02-13,11,Feb,Friday,Phishing,Medium,0.38,SIEM,Email Gateway,Engineering,Exposed Service,Execution,Phishing domain,82,Singapore,Asia,Blocked,25,2,0.02,15,True,AN-011,Synthetic phishing event; review identity activity.
INC-00170,2026-02-13,2026-02-13,15,Feb,Friday,Malware,Medium,0.45,Email Security,Web Server,Operations,Third-Party Access,Initial Access,Malware hash,87,India,Asia,Resolved,67,3,0.0,2,True,AN-005,Synthetic malware event; review email evidence.
INC-00171,2026-02-13,2026-02-13,18,Feb,Friday,Suspicious Login,Medium,0.41,EDR,Payment API,IT,USB Device,Impact,Malware hash,47,Canada,North America,Blocked,25,2,0.0,12,True,AN-005,Synthetic suspicious login event; review identity activity.
INC-00172,2026-02-14,2026-02-14,5,Feb,Saturday,Suspicious Login,Critical,0.81,SIEM,Domain Controller,Engineering,Third-Party Access,Credential Access,Credential leak indicator,78,Germany,Europe,Resolved,173,10,0.01,44,True,AN-006,Synthetic suspicious login event; review indicator context.
INC-00173,2026-02-14,2026-02-14,23,Feb,Saturday,Malware,High,0.59,Identity Provider,Web Server,Finance,Unusual Network Traffic,Privilege Escalation,Vulnerability advisory,53,United Kingdom,Europe,Escalated,89,3,0.01,19,True,AN-003,Synthetic malware event; review identity activity.
INC-00174,2026-02-15,2026-02-15,2,Feb,Sunday,Ransomware,Medium,0.4,Cloud Security,Endpoint Workstation,Engineering,Third-Party Access,Impact,No external match,51,United States,North America,Investigating,82,3,0.01,11,False,AN-002,Synthetic ransomware event; review indicator context.
INC-00175,2026-02-15,2026-02-15,3,Feb,Sunday,Malware,Low,0.1,Firewall,Employee Laptop,HR,USB Device,Privilege Escalation,Known malicious IP,89,United States,North America,Resolved,72,2,0.0,13,True,AN-013,Synthetic malware event; review indicator context.
INC-00176,2026-02-16,2026-02-16,2,Feb,Monday,Data Exfiltration,High,0.52,Email Security,Web Server,IT,Malicious Link,Credential Access,Known malicious IP,51,Singapore,Asia,Blocked,25,5,0.11,62,True,AN-004,Synthetic data exfiltration event; review endpoint telemetry.
INC-00177,2026-02-16,2026-02-16,5,Feb,Monday,Web Attack,Medium,0.3,IDS/IPS,Web Server,Research,Misconfiguration,Discovery,No external match,26,Germany,Europe,False Positive,32,3,0.01,10,False,AN-005,Synthetic web attack event; review email evidence.
INC-00178,2026-02-16,2026-02-16,6,Feb,Monday,Malware,Low,0.19,EDR,Email Gateway,Operations,Malicious Link,Command and Control,Malware hash,48,United States,North America,Investigating,79,1,0.0,19,True,AN-006,Synthetic malware event; review email evidence.
INC-00179,2026-02-16,2026-02-16,8,Feb,Monday,Ransomware,Low,0.21,Cloud Security,Cloud Workload,IT,Email Attachment,Privilege Escalation,Known malicious IP,79,Singapore,Asia,Resolved,35,0,0.01,3,True,AN-002,Synthetic ransomware event; review indicator context.
INC-00180,2026-02-16,2026-02-16,11,Feb,Monday,Brute Force,Medium,0.38,Firewall,Domain Controller,Research,Misconfiguration,Impact,No external match,37,India,Asia,Contained,78,3,0.01,12,False,AN-002,Synthetic brute force event; review indicator context.
INC-00181,2026-02-16,2026-02-16,12,Feb,Monday,Phishing,Critical,0.85,Web Application Firewall,VPN Gateway,Engineering,USB Device,Lateral Movement,No external match,54,Japan,Asia,Resolved,156,8,0.0,28,False,AN-005,Synthetic phishing event; review network logs.
INC-00182,2026-02-16,2026-02-16,18,Feb,Monday,Malware,High,0.51,EDR,Payment API,Research,Misconfiguration,Discovery,Malware hash,78,United States,North America,Blocked,25,7,0.01,15,True,AN-002,Synthetic malware event; review email evidence.
INC-00183,2026-02-16,2026-02-16,23,Feb,Monday,Phishing,Low,0.08,SIEM,Web Server,IT,Vulnerable Application,Discovery,No external match,30,United States,North America,Contained,37,2,0.02,11,False,AN-011,Synthetic phishing event; review email evidence.
INC-00184,2026-02-17,2026-02-17,10,Feb,Tuesday,Brute Force,Medium,0.42,Email Security,Endpoint Workstation,Finance,Vulnerable Application,Impact,Botnet indicator,64,India,Asia,Blocked,25,1,0.0,8,True,AN-003,Synthetic brute force event; review endpoint telemetry.
INC-00185,2026-02-17,2026-02-17,18,Feb,Tuesday,Phishing,Medium,0.38,SIEM,Database Server,Engineering,Vulnerable Application,Credential Access,No external match,10,United States,North America,Resolved,51,2,0.0,15,False,AN-001,Synthetic phishing event; review identity activity.
INC-00186,2026-02-17,2026-02-17,23,Feb,Tuesday,Phishing,Medium,0.47,SIEM,Email Gateway,Research,Malicious Link,Defense Evasion,Botnet indicator,75,Canada,North America,Escalated,79,3,0.0,17,True,AN-004,Synthetic phishing event; review email evidence.
INC-00187,2026-02-18,2026-02-18,11,Feb,Wednesday,Web Attack,Low,0.18,Web Application Firewall,Payment API,Sales,Stolen Credentials,Discovery,No external match,12,India,Asia,Blocked,25,2,0.0,9,False,AN-004,Synthetic web attack event; review email evidence.
INC-00188,2026-02-18,2026-02-18,19,Feb,Wednesday,Malware,Low,0.17,Firewall,Payment API,Operations,Stolen Credentials,Privilege Escalation,No external match,53,United Kingdom,Europe,Blocked,25,1,0.01,16,False,AN-002,Synthetic malware event; review network logs.
INC-00189,2026-02-18,2026-02-18,21,Feb,Wednesday,Malware,Low,0.15,Firewall,Cloud Workload,HR,Stolen Credentials,Initial Access,Suspicious domain,99,Canada,North America,Escalated,86,0,0.0,15,True,AN-009,Synthetic malware event; review endpoint telemetry.
INC-00190,2026-02-19,2026-02-19,1,Feb,Thursday,Brute Force,Low,0.09,Cloud Security,Employee Laptop,IT,Email Attachment,Execution,Suspicious domain,90,Canada,North America,Contained,61,0,0.0,24,True,AN-010,Synthetic brute force event; review identity activity.
INC-00191,2026-02-19,2026-02-19,6,Feb,Thursday,Malware,Critical,0.97,Firewall,Cloud Workload,HR,USB Device,Command and Control,Credential leak indicator,66,Australia,Oceania,Contained,108,9,0.0,53,True,AN-007,Synthetic malware event; review network logs.
INC-00192,2026-02-19,2026-02-19,11,Feb,Thursday,DDoS,Medium,0.33,Web Application Firewall,VPN Gateway,Engineering,Vulnerable Application,Persistence,No external match,34,United States,North America,Resolved,43,2,0.01,18,False,AN-004,Synthetic ddos event; review identity activity.
INC-00193,2026-02-19,2026-02-19,11,Feb,Thursday,DDoS,High,0.54,IDS/IPS,Cloud Workload,Sales,Third-Party Access,Defense Evasion,Vulnerability advisory,63,Germany,Europe,Blocked,25,5,0.0,63,True,AN-009,Synthetic ddos event; review endpoint telemetry.
INC-00194,2026-02-20,2026-02-20,4,Feb,Friday,DDoS,Medium,0.41,IDS/IPS,File Server,Research,Vulnerable Application,Impact,No external match,48,United Kingdom,Europe,Resolved,75,3,0.0,15,False,AN-013,Synthetic ddos event; review indicator context.
INC-00195,2026-02-20,2026-02-20,5,Feb,Friday,DDoS,Medium,0.42,IDS/IPS,Cloud Workload,IT,Third-Party Access,Initial Access,No external match,63,Canada,North America,Blocked,25,2,0.0,1,False,AN-008,Synthetic ddos event; review indicator context.
INC-00196,2026-02-20,2026-02-20,14,Feb,Friday,Phishing,High,0.72,Cloud Security,Cloud Workload,Operations,Misconfiguration,Command and Control,Malware hash,93,Germany,Europe,Blocked,25,5,0.0,64,True,AN-003,Synthetic phishing event; review indicator context.
INC-00197,2026-02-20,2026-02-20,19,Feb,Friday,DDoS,High,0.74,Cloud Security,Endpoint Workstation,Engineering,Email Attachment,Impact,Suspicious domain,73,United States,North America,Investigating,137,5,0.0,57,True,AN-003,Synthetic ddos event; review endpoint telemetry.
INC-00198,2026-02-20,2026-02-20,19,Feb,Friday,Brute Force,High,0.74,SIEM,Payment API,Operations,Exposed Service,Collection,Malware hash,69,Canada,North America,Contained,87,4,0.0,48,True,AN-003,Synthetic brute force event; review indicator context.
INC-00199,2026-02-21,2026-02-21,2,Feb,Saturday,Brute Force,High,0.72,Firewall,Email Gateway,Sales,Misconfiguration,Execution,No external match,13,Brazil,South America,False Positive,52,6,0.01,17,False,AN-001,Synthetic brute force event; review network logs.
INC-00200,2026-02-21,2026-02-21,5,Feb,Saturday,Insider Threat,High,0.74,SIEM,Email Gateway,Engineering,Malicious Link,Privilege Escalation,Known malicious IP,96,United States,North America,Contained,82,4,0.0,15,True,AN-006,Synthetic insider threat event; review identity activity.
INC-00201,2026-02-21,2026-02-21,9,Feb,Saturday,Web Attack,Medium,0.38,IDS/IPS,Web Server,Sales,Stolen Credentials,Collection,Phishing domain,85,Germany,Europe,Resolved,125,2,0.01,9,True,AN-009,Synthetic web attack event; review identity activity.
INC-00202,2026-02-22,2026-02-22,16,Feb,Sunday,Phishing,Medium,0.39,Firewall,Payment API,Engineering,Misconfiguration,Lateral Movement,Phishing domain,48,India,Asia,Escalated,36,2,0.01,7,True,AN-011,Synthetic phishing event; review indicator context.
INC-00203,2026-02-23,2026-02-23,1,Feb,Monday,Malware,High,0.53,SIEM,Domain Controller,HR,USB Device,Initial Access,Malware hash,74,Brazil,South America,Contained,78,6,0.0,33,True,AN-003,Synthetic malware event; review email evidence.
INC-00204,2026-02-23,2026-02-23,20,Feb,Monday,Phishing,High,0.5,EDR,VPN Gateway,Research,Stolen Credentials,Impact,Malware hash,56,Netherlands,Europe,False Positive,108,5,0.0,40,False,AN-012,Synthetic phishing event; review endpoint telemetry.
INC-00205,2026-02-24,2026-02-24,1,Feb,Tuesday,Web Attack,Medium,0.43,SIEM,Domain Controller,IT,Unusual Network Traffic,Defense Evasion,Botnet indicator,49,United States,North America,Investigating,78,3,0.0,9,True,AN-015,Synthetic web attack event; review identity activity.
INC-00206,2026-02-24,2026-02-24,11,Feb,Tuesday,Ransomware,Medium,0.23,Cloud Security,Payment API,IT,Exposed Service,Credential Access,Botnet indicator,47,India,Asia,Investigating,58,2,0.0,14,True,AN-015,Synthetic ransomware event; review identity activity.
INC-00207,2026-02-24,2026-02-24,13,Feb,Tuesday,Brute Force,Low,0.1,Identity Provider,Database Server,Customer Support,Stolen Credentials,Exfiltration,No external match,59,Singapore,Asia,Contained,23,0,0.0,20,False,AN-015,Synthetic brute force event; review network logs.
INC-00208,2026-02-25,2026-02-25,0,Feb,Wednesday,Web Attack,Medium,0.35,SIEM,File Server,Operations,Unusual Network Traffic,Lateral Movement,No external match,49,United States,North America,Resolved,68,3,0.0,14,False,AN-014,Synthetic web attack event; review indicator context.
INC-00209,2026-02-25,2026-02-25,3,Feb,Wednesday,Suspicious Login,Critical,0.83,Firewall,Payment API,Research,Vulnerable Application,Privilege Escalation,Vulnerability advisory,56,Australia,Oceania,Contained,161,8,0.03,38,True,AN-004,Synthetic suspicious login event; review email evidence.
INC-00210,2026-02-25,2026-02-25,11,Feb,Wednesday,Suspicious Login,Medium,0.34,IDS/IPS,Employee Laptop,HR,Exposed Service,Exfiltration,Malware hash,54,United States,North America,Contained,64,1,0.0,2,True,AN-007,Synthetic suspicious login event; review identity activity.
INC-00211,2026-02-25,2026-02-25,22,Feb,Wednesday,Ransomware,Medium,0.31,EDR,Payment API,Sales,Email Attachment,Command and Control,Vulnerability advisory,79,Singapore,Asia,Escalated,29,4,0.06,16,True,AN-002,Synthetic ransomware event; review network logs.
INC-00212,2026-02-25,2026-02-25,23,Feb,Wednesday,DDoS,Critical,0.83,Identity Provider,Web Server,IT,Unusual Network Traffic,Execution,Known malicious IP,57,Netherlands,Europe,Escalated,127,6,0.01,42,True,AN-009,Synthetic ddos event; review identity activity.
INC-00213,2026-02-26,2026-02-26,9,Feb,Thursday,Phishing,High,0.6,Web Application Firewall,Email Gateway,Sales,Third-Party Access,Discovery,Credential leak indicator,78,India,Asia,Blocked,25,3,0.0,54,True,AN-003,Synthetic phishing event; review email evidence.
INC-00214,2026-02-26,2026-02-26,11,Feb,Thursday,Brute Force,Low,0.14,Email Security,Domain Controller,HR,Misconfiguration,Privilege Escalation,Known malicious IP,79,United States,North America,Blocked,25,1,0.0,7,True,AN-002,Synthetic brute force event; review endpoint telemetry.
INC-00215,2026-02-26,2026-02-26,15,Feb,Thursday,Brute Force,Critical,0.91,Firewall,Database Server,Customer Support,USB Device,Lateral Movement,Vulnerability advisory,69,Singapore,Asia,Contained,89,9,0.0,33,True,AN-010,Synthetic brute force event; review indicator context.
INC-00216,2026-02-26,2026-02-26,15,Feb,Thursday,Suspicious Login,Critical,0.89,Firewall,Email Gateway,Operations,USB Device,Execution,Suspicious domain,65,Brazil,South America,Blocked,25,10,0.0,29,True,AN-011,Synthetic suspicious login event; review identity activity.
INC-00217,2026-02-26,2026-02-26,16,Feb,Thursday,Malware,Low,0.15,Firewall,Payment API,Finance,Malicious Link,Execution,Botnet indicator,52,Singapore,Asia,Contained,22,0,0.0,20,True,AN-002,Synthetic malware event; review network logs.
INC-00218,2026-02-26,2026-02-26,18,Feb,Thursday,Insider Threat,Medium,0.22,EDR,Payment API,Sales,Third-Party Access,Credential Access,No external match,35,India,Asia,Contained,142,2,0.0,7,False,AN-008,Synthetic insider threat event; review indicator context.
INC-00219,2026-02-28,2026-02-28,7,Feb,Saturday,DDoS,Medium,0.35,Cloud Security,Email Gateway,Engineering,Email Attachment,Defense Evasion,No external match,51,Netherlands,Europe,Investigating,34,1,0.0,13,False,AN-011,Synthetic ddos event; review indicator context.
INC-00220,2026-03-02,2026-03-02,2,Mar,Monday,Data Exfiltration,High,0.64,IDS/IPS,Endpoint Workstation,Sales,Stolen Credentials,Credential Access,Suspicious domain,61,United Kingdom,Europe,Investigating,145,4,0.11,14,True,AN-013,Synthetic data exfiltration event; review email evidence.
INC-00221,2026-03-02,2026-03-02,22,Mar,Monday,Phishing,Medium,0.46,EDR,Endpoint Workstation,Operations,Email Attachment,Privilege Escalation,Suspicious domain,83,Germany,Europe,Investigating,84,4,0.0,11,True,AN-006,Synthetic phishing event; review endpoint telemetry.
INC-00222,2026-03-03,2026-03-03,8,Mar,Tuesday,Malware,Medium,0.24,Identity Provider,Email Gateway,IT,Stolen Credentials,Defense Evasion,No external match,21,India,Asia,Blocked,24,1,0.0,24,False,AN-010,Synthetic malware event; review email evidence.
INC-00223,2026-03-04,2026-03-04,13,Mar,Wednesday,Ransomware,High,0.5,Firewall,Database Server,IT,Stolen Credentials,Credential Access,Phishing domain,96,Japan,Asia,Escalated,175,5,0.0,43,True,AN-003,Synthetic ransomware event; review indicator context.
INC-00224,2026-03-05,2026-03-05,3,Mar,Thursday,Phishing,Low,0.21,Firewall,Employee Laptop,Engineering,Stolen Credentials,Initial Access,Credential leak indicator,52,United Kingdom,Europe,Blocked,25,1,0.0,14,True,AN-004,Synthetic phishing event; review endpoint telemetry.
INC-00225,2026-03-05,2026-03-05,12,Mar,Thursday,Phishing,Medium,0.24,IDS/IPS,Domain Controller,HR,Malicious Link,Persistence,Known malicious IP,91,United States,North America,Escalated,72,2,0.0,16,True,AN-011,Synthetic phishing event; review endpoint telemetry.
INC-00226,2026-03-05,2026-03-05,15,Mar,Thursday,DDoS,High,0.55,Email Security,Employee Laptop,Operations,Unusual Network Traffic,Privilege Escalation,No external match,24,India,Asia,Investigating,75,6,0.01,36,False,AN-010,Synthetic ddos event; review endpoint telemetry.
INC-00227,2026-03-05,2026-03-05,20,Mar,Thursday,Suspicious Login,Medium,0.24,IDS/IPS,Endpoint Workstation,Research,Stolen Credentials,Discovery,Credential leak indicator,78,India,Asia,Blocked,25,4,0.01,5,True,AN-006,Synthetic suspicious login event; review identity activity.
INC-00228,2026-03-06,2026-03-06,7,Mar,Friday,Brute Force,Medium,0.25,Identity Provider,Cloud Workload,Engineering,Exposed Service,Lateral Movement,No external match,51,United States,North America,False Positive,57,4,0.0,6,False,AN-006,Synthetic brute force event; review endpoint telemetry.
INC-00229,2026-03-06,2026-03-06,11,Mar,Friday,Insider Threat,Medium,0.41,Identity Provider,Cloud Workload,Research,Vulnerable Application,Collection,Malware hash,68,Singapore,Asia,Investigating,34,4,0.0,19,True,AN-003,Synthetic insider threat event; review network logs.
INC-00230,2026-03-07,2026-03-07,2,Mar,Saturday,Phishing,Low,0.19,Identity Provider,Cloud Workload,Operations,Unusual Network Traffic,Credential Access,Known malicious IP,68,Singapore,Asia,False Positive,61,1,0.01,14,False,AN-001,Synthetic phishing event; review indicator context.
INC-00231,2026-03-07,2026-03-07,3,Mar,Saturday,Phishing,Medium,0.32,EDR,Domain Controller,Sales,Unusual Network Traffic,Impact,Phishing domain,71,Brazil,South America,Contained,70,3,0.01,11,True,AN-003,Synthetic phishing event; review indicator context.
INC-00232,2026-03-07,2026-03-07,12,Mar,Saturday,Ransomware,Medium,0.37,Web Application Firewall,Domain Controller,IT,Vulnerable Application,Lateral Movement,Known malicious IP,61,Singapore,Asia,False Positive,48,2,0.01,22,False,AN-008,Synthetic ransomware event; review network logs.
INC-00233,2026-03-07,2026-03-07,22,Mar,Saturday,Suspicious Login,Medium,0.44,Identity Provider,VPN Gateway,Research,Stolen Credentials,Defense Evasion,No external match,40,United Kingdom,Europe,Resolved,74,4,0.0,11,False,AN-015,Synthetic suspicious login event; review identity activity.
INC-00234,2026-03-07,2026-03-07,23,Mar,Saturday,Suspicious Login,Medium,0.34,EDR,Payment API,Sales,Vulnerable Application,Persistence,Botnet indicator,73,Netherlands,Europe,Resolved,58,1,0.0,20,True,AN-010,Synthetic suspicious login event; review endpoint telemetry.
INC-00235,2026-03-08,2026-03-08,4,Mar,Sunday,Brute Force,Medium,0.23,Email Security,Employee Laptop,IT,Stolen Credentials,Impact,Botnet indicator,84,United Kingdom,Europe,Blocked,25,2,0.01,1,True,AN-002,Synthetic brute force event; review identity activity.
INC-00236,2026-03-08,2026-03-08,6,Mar,Sunday,Phishing,Low,0.15,Web Application Firewall,File Server,Finance,Vulnerable Application,Privilege Escalation,Botnet indicator,67,Canada,North America,Contained,46,1,0.0,24,True,AN-004,Synthetic phishing event; review endpoint telemetry.
INC-00237,2026-03-08,2026-03-08,6,Mar,Sunday,Ransomware,High,0.65,Identity Provider,Endpoint Workstation,IT,Third-Party Access,Execution,No external match,63,Japan,Asia,Resolved,71,7,0.0,11,False,AN-002,Synthetic ransomware event; review email evidence.
INC-00238,2026-03-08,2026-03-08,19,Mar,Sunday,DDoS,Low,0.18,EDR,Payment API,Sales,Email Attachment,Execution,Phishing domain,54,Canada,North America,Blocked,25,1,0.03,15,True,AN-001,Synthetic ddos event; review identity activity.
INC-00239,2026-03-08,2026-03-08,20,Mar,Sunday,Malware,High,0.54,Cloud Security,Database Server,IT,Malicious Link,Command and Control,Phishing domain,49,United States,North America,Blocked,25,4,0.0,17,True,AN-011,Synthetic malware event; review network logs.
INC-00240,2026-03-09,2026-03-09,1,Mar,Monday,Phishing,Low,0.13,IDS/IPS,Domain Controller,Operations,Vulnerable Application,Collection,Known malicious IP,59,India,Asia,False Positive,97,0,0.0,2,False,AN-009,Synthetic phishing event; review indicator context.
INC-00241,2026-03-09,2026-03-09,3,Mar,Monday,DDoS,Medium,0.45,EDR,File Server,Finance,Unusual Network Traffic,Exfiltration,No external match,27,Singapore,Asia,Resolved,133,3,0.0,7,False,AN-006,Synthetic ddos event; review endpoint telemetry.
INC-00242,2026-03-09,2026-03-09,10,Mar,Monday,Data Exfiltration,Low,0.15,Email Security,Payment API,Research,Vulnerable Application,Collection,Phishing domain,97,India,Asia,Blocked,14,0,0.12,13,True,AN-005,Synthetic data exfiltration event; review network logs.
INC-00243,2026-03-09,2026-03-09,11,Mar,Monday,Suspicious Login,High,0.72,Firewall,VPN Gateway,Customer Support,Third-Party Access,Initial Access,No external match,59,Japan,Asia,Investigating,61,7,0.01,63,False,AN-006,Synthetic suspicious login event; review indicator context.
INC-00244,2026-03-10,2026-03-10,6,Mar,Tuesday,Phishing,Low,0.21,Email Security,Payment API,Operations,Stolen Credentials,Persistence,Suspicious domain,48,Netherlands,Europe,Blocked,25,1,0.0,11,True,AN-003,Synthetic phishing event; review network logs.
INC-00245,2026-03-10,2026-03-10,13,Mar,Tuesday,Brute Force,Medium,0.4,Cloud Security,Employee Laptop,Engineering,USB Device,Exfiltration,No external match,10,Brazil,South America,Escalated,131,1,0.01,6,False,AN-004,Synthetic brute force event; review identity activity.
INC-00246,2026-03-10,2026-03-10,17,Mar,Tuesday,Insider Threat,Low,0.17,Web Application Firewall,VPN Gateway,HR,Email Attachment,Initial Access,Phishing domain,79,Australia,Oceania,False Positive,36,2,0.0,18,False,AN-006,Synthetic insider threat event; review email evidence.
INC-00247,2026-03-10,2026-03-10,20,Mar,Tuesday,Insider Threat,Critical,0.8,SIEM,Employee Laptop,IT,Vulnerable Application,Discovery,No external match,59,India,Asia,Investigating,190,6,0.0,6,False,AN-004,Synthetic insider threat event; review network logs.
INC-00248,2026-03-10,2026-03-10,23,Mar,Tuesday,Web Attack,Critical,0.94,Identity Provider,File Server,Engineering,Exposed Service,Collection,Vulnerability advisory,47,United Kingdom,Europe,Investigating,109,8,0.01,32,True,AN-010,Synthetic web attack event; review identity activity.
INC-00249,2026-03-11,2026-03-11,9,Mar,Wednesday,Ransomware,Low,0.16,EDR,Cloud Workload,Engineering,Email Attachment,Execution,Phishing domain,93,Japan,Asia,Resolved,22,2,0.0,23,True,AN-009,Synthetic ransomware event; review endpoint telemetry.
INC-00250,2026-03-11,2026-03-11,12,Mar,Wednesday,Web Attack,High,0.54,Email Security,Web Server,Sales,Vulnerable Application,Execution,Malware hash,91,India,Asia,Investigating,71,5,0.01,38,True,AN-009,Synthetic web attack event; review endpoint telemetry.
INC-00251,2026-03-11,2026-03-11,19,Mar,Wednesday,Ransomware,High,0.64,EDR,VPN Gateway,HR,Vulnerable Application,Credential Access,Vulnerability advisory,73,United States,North America,Contained,149,7,0.0,58,True,AN-009,Synthetic ransomware event; review network logs.
INC-00252,2026-03-11,2026-03-11,22,Mar,Wednesday,Phishing,Medium,0.45,Firewall,Employee Laptop,Customer Support,Misconfiguration,Privilege Escalation,Known malicious IP,87,United States,North America,Blocked,13,3,0.01,8,True,AN-010,Synthetic phishing event; review indicator context.
INC-00253,2026-03-12,2026-03-12,3,Mar,Thursday,Ransomware,Medium,0.28,Firewall,Domain Controller,Engineering,Email Attachment,Discovery,No external match,15,United States,North America,Blocked,25,1,0.01,20,False,AN-013,Synthetic ransomware event; review endpoint telemetry.
INC-00254,2026-03-12,2026-03-12,22,Mar,Thursday,Malware,Medium,0.3,Cloud Security,Employee Laptop,Finance,USB Device,Discovery,Suspicious domain,65,United States,North America,False Positive,50,4,0.0,24,False,AN-010,Synthetic malware event; review identity activity.
INC-00255,2026-03-13,2026-03-13,6,Mar,Friday,Brute Force,Medium,0.36,SIEM,Payment API,Finance,Unusual Network Traffic,Execution,No external match,46,India,Asia,Investigating,30,2,0.0,9,False,AN-010,Synthetic brute force event; review email evidence.
INC-00256,2026-03-13,2026-03-13,16,Mar,Friday,Phishing,Low,0.21,IDS/IPS,Cloud Workload,Research,Unusual Network Traffic,Impact,No external match,23,Singapore,Asia,Blocked,11,2,0.01,19,False,AN-011,Synthetic phishing event; review endpoint telemetry.
INC-00257,2026-03-14,2026-03-14,2,Mar,Saturday,Suspicious Login,High,0.56,Firewall,File Server,Operations,Email Attachment,Credential Access,Phishing domain,45,India,Asia,Contained,71,4,0.02,15,True,AN-013,Synthetic suspicious login event; review indicator context.
INC-00258,2026-03-15,2026-03-15,2,Mar,Sunday,Ransomware,Low,0.14,Identity Provider,VPN Gateway,Sales,USB Device,Command and Control,Suspicious domain,86,United States,North America,Blocked,25,2,0.01,3,True,AN-009,Synthetic ransomware event; review indicator context.
INC-00259,2026-03-15,2026-03-15,11,Mar,Sunday,Phishing,Medium,0.33,Cloud Security,File Server,Customer Support,USB Device,Persistence,Suspicious domain,47,Australia,Oceania,Blocked,25,4,0.01,24,True,AN-009,Synthetic phishing event; review identity activity.
INC-00260,2026-03-15,2026-03-15,18,Mar,Sunday,Brute Force,Medium,0.39,IDS/IPS,File Server,Customer Support,Misconfiguration,Execution,Known malicious IP,65,United Kingdom,Europe,Blocked,25,3,0.01,9,True,AN-008,Synthetic brute force event; review endpoint telemetry.
INC-00261,2026-03-16,2026-03-16,10,Mar,Monday,Suspicious Login,Critical,0.83,Cloud Security,Database Server,IT,Stolen Credentials,Collection,Vulnerability advisory,73,United States,North America,Blocked,25,7,0.0,42,True,AN-015,Synthetic suspicious login event; review email evidence.
INC-00262,2026-03-16,2026-03-16,14,Mar,Monday,Phishing,Low,0.19,Cloud Security,Database Server,Operations,USB Device,Impact,Phishing domain,61,Singapore,Asia,Resolved,101,0,0.0,5,True,AN-005,Synthetic phishing event; review email evidence.
INC-00263,2026-03-16,2026-03-16,18,Mar,Monday,Malware,Low,0.15,Cloud Security,Web Server,Research,USB Device,Persistence,No external match,13,Singapore,Asia,Resolved,32,2,0.0,21,False,AN-008,Synthetic malware event; review email evidence.
INC-00264,2026-03-17,2026-03-17,5,Mar,Tuesday,Command and Control,Low,0.11,Firewall,Endpoint Workstation,Customer Support,Exposed Service,Command and Control,Credential leak indicator,95,United States,North America,Blocked,21,2,0.0,21,True,AN-014,Synthetic command and control event; review endpoint telemetry.
INC-00265,2026-03-17,2026-03-17,17,Mar,Tuesday,Web Attack,Low,0.22,Email Security,Email Gateway,Finance,Unusual Network Traffic,Command and Control,Botnet indicator,80,United States,North America,Resolved,22,1,0.01,19,True,AN-010,Synthetic web attack event; review email evidence.
INC-00266,2026-03-17,2026-03-17,19,Mar,Tuesday,Data Exfiltration,Low,0.17,Web Application Firewall,Employee Laptop,Sales,Stolen Credentials,Initial Access,Credential leak indicator,62,United States,North America,Blocked,25,2,0.12,17,True,AN-003,Synthetic data exfiltration event; review indicator context.
INC-00267,2026-03-17,2026-03-17,20,Mar,Tuesday,Malware,Low,0.11,Identity Provider,VPN Gateway,Sales,Misconfiguration,Execution,Botnet indicator,56,United Kingdom,Europe,Blocked,25,2,0.0,17,True,AN-002,Synthetic malware event; review identity activity.
INC-00268,2026-03-18,2026-03-18,5,Mar,Wednesday,Malware,High,0.74,Cloud Security,Payment API,Research,Stolen Credentials,Defense Evasion,Malware hash,49,Germany,Europe,Blocked,25,5,0.01,56,True,AN-011,Synthetic malware event; review endpoint telemetry.
INC-00269,2026-03-18,2026-03-18,17,Mar,Wednesday,Malware,Low,0.12,Cloud Security,Domain Controller,Research,Exposed Service,Defense Evasion,Vulnerability advisory,63,United States,North America,Resolved,53,1,0.01,1,True,AN-005,Synthetic malware event; review endpoint telemetry.
INC-00270,2026-03-19,2026-03-19,5,Mar,Thursday,Brute Force,High,0.7,Web Application Firewall,Domain Controller,Operations,Third-Party Access,Command and Control,Suspicious domain,67,India,Asia,Resolved,118,6,0.01,29,True,AN-012,Synthetic brute force event; review endpoint telemetry.
INC-00271,2026-03-19,2026-03-19,10,Mar,Thursday,Phishing,Medium,0.25,Email Security,Employee Laptop,Finance,USB Device,Defense Evasion,No external match,34,India,Asia,Contained,49,4,0.01,11,False,AN-009,Synthetic phishing event; review indicator context.
INC-00272,2026-03-19,2026-03-19,11,Mar,Thursday,DDoS,Low,0.14,SIEM,Database Server,Operations,Third-Party Access,Execution,Malware hash,59,United States,North America,Investigating,115,1,0.03,9,True,AN-010,Synthetic ddos event; review endpoint telemetry.
INC-00273,2026-03-19,2026-03-19,14,Mar,Thursday,Suspicious Login,High,0.7,EDR,VPN Gateway,Operations,Unusual Network Traffic,Lateral Movement,Known malicious IP,57,India,Asia,Blocked,25,5,0.0,26,True,AN-014,Synthetic suspicious login event; review email evidence.
INC-00274,2026-03-19,2026-03-19,20,Mar,Thursday,Brute Force,Low,0.15,Identity Provider,VPN Gateway,Operations,Third-Party Access,Exfiltration,Botnet indicator,48,United Kingdom,Europe,Escalated,33,0,0.01,13,True,AN-003,Synthetic brute force event; review network logs.
INC-00275,2026-03-20,2026-03-20,4,Mar,Friday,DDoS,Low,0.17,IDS/IPS,Cloud Workload,IT,Vulnerable Application,Privilege Escalation,Known malicious IP,71,India,Asia,Resolved,34,1,0.0,19,True,AN-010,Synthetic ddos event; review network logs.
INC-00276,2026-03-20,2026-03-20,13,Mar,Friday,DDoS,Critical,0.97,Identity Provider,Email Gateway,Research,Third-Party Access,Discovery,Known malicious IP,82,Japan,Asia,Investigating,105,6,0.01,21,True,AN-004,Synthetic ddos event; review indicator context.
INC-00277,2026-03-20,2026-03-20,17,Mar,Friday,Data Exfiltration,Low,0.15,Email Security,Cloud Workload,Operations,Stolen Credentials,Discovery,Malware hash,85,Brazil,South America,Contained,29,0,0.03,5,True,AN-008,Synthetic data exfiltration event; review endpoint telemetry.
INC-00278,2026-03-20,2026-03-20,18,Mar,Friday,Brute Force,Medium,0.46,IDS/IPS,Domain Controller,Research,Stolen Credentials,Privilege Escalation,Credential leak indicator,84,India,Asia,Blocked,25,4,0.0,10,True,AN-013,Synthetic brute force event; review indicator context.
INC-00279,2026-03-21,2026-03-21,0,Mar,Saturday,Web Attack,Medium,0.42,EDR,Payment API,Finance,Email Attachment,Impact,Known malicious IP,90,Germany,Europe,Contained,40,2,0.0,11,True,AN-007,Synthetic web attack event; review identity activity.
INC-00280,2026-03-21,2026-03-21,11,Mar,Saturday,Phishing,Medium,0.32,Identity Provider,Employee Laptop,Finance,Third-Party Access,Discovery,Known malicious IP,85,India,Asia,Resolved,53,1,0.0,12,True,AN-011,Synthetic phishing event; review identity activity.
INC-00281,2026-03-21,2026-03-21,16,Mar,Saturday,DDoS,Low,0.12,Cloud Security,Database Server,Operations,Misconfiguration,Persistence,Botnet indicator,95,Netherlands,Europe,Blocked,25,2,0.0,13,True,AN-011,Synthetic ddos event; review endpoint telemetry.
INC-00282,2026-03-21,2026-03-21,17,Mar,Saturday,Phishing,Medium,0.36,SIEM,Payment API,Sales,Email Attachment,Execution,No external match,43,Singapore,Asia,Contained,260,4,0.01,17,False,AN-013,Synthetic phishing event; review endpoint telemetry.
INC-00283,2026-03-22,2026-03-22,4,Mar,Sunday,Phishing,Critical,0.83,IDS/IPS,Endpoint Workstation,HR,Third-Party Access,Persistence,Vulnerability advisory,84,United States,North America,Blocked,25,8,0.0,57,True,AN-014,Synthetic phishing event; review indicator context.
INC-00284,2026-03-22,2026-03-22,14,Mar,Sunday,Malware,Medium,0.45,EDR,Cloud Workload,Research,Stolen Credentials,Lateral Movement,No external match,54,Singapore,Asia,Blocked,25,4,0.01,4,False,AN-011,Synthetic malware event; review endpoint telemetry.
INC-00285,2026-03-22,2026-03-22,14,Mar,Sunday,Brute Force,High,0.62,Cloud Security,Endpoint Workstation,Finance,USB Device,Defense Evasion,Phishing domain,71,India,Asia,Investigating,65,7,0.0,57,True,AN-011,Synthetic brute force event; review email evidence.
INC-00286,2026-03-22,2026-03-22,16,Mar,Sunday,Malware,Low,0.2,Email Security,Email Gateway,HR,Vulnerable Application,Lateral Movement,Vulnerability advisory,88,Germany,Europe,Escalated,30,1,0.0,6,True,AN-014,Synthetic malware event; review email evidence.
INC-00287,2026-03-22,2026-03-22,17,Mar,Sunday,Web Attack,Low,0.11,EDR,Employee Laptop,HR,Email Attachment,Privilege Escalation,Phishing domain,63,India,Asia,Contained,108,2,0.0,14,True,AN-001,Synthetic web attack event; review identity activity.
INC-00288,2026-03-22,2026-03-22,21,Mar,Sunday,Phishing,Medium,0.24,Identity Provider,Email Gateway,Customer Support,Exposed Service,Exfiltration,No external match,54,Canada,North America,Investigating,51,3,0.0,4,False,AN-004,Synthetic phishing event; review endpoint telemetry.
INC-00289,2026-03-23,2026-03-23,3,Mar,Monday,Phishing,Medium,0.38,SIEM,File Server,Operations,Third-Party Access,Defense Evasion,Phishing domain,95,Netherlands,Europe,Blocked,25,3,0.0,14,True,AN-010,Synthetic phishing event; review endpoint telemetry.
INC-00290,2026-03-23,2026-03-23,10,Mar,Monday,Phishing,Medium,0.42,EDR,Email Gateway,Research,Vulnerable Application,Exfiltration,Suspicious domain,67,India,Asia,Contained,47,4,0.01,5,True,AN-001,Synthetic phishing event; review endpoint telemetry.
INC-00291,2026-03-24,2026-03-24,4,Mar,Tuesday,Ransomware,Medium,0.35,EDR,Web Server,IT,USB Device,Impact,Suspicious domain,73,United States,North America,False Positive,60,3,0.01,2,False,AN-001,Synthetic ransomware event; review identity activity.
INC-00292,2026-03-24,2026-03-24,12,Mar,Tuesday,Web Attack,Medium,0.27,SIEM,File Server,Engineering,Exposed Service,Exfiltration,Phishing domain,62,India,Asia,False Positive,70,1,0.0,20,False,AN-015,Synthetic web attack event; review indicator context.
INC-00293,2026-03-24,2026-03-24,16,Mar,Tuesday,Brute Force,Critical,0.83,SIEM,Domain Controller,Finance,Third-Party Access,Privilege Escalation,Known malicious IP,75,Germany,Europe,Blocked,25,8,0.0,28,True,AN-003,Synthetic brute force event; review endpoint telemetry.
INC-00294,2026-03-25,2026-03-25,0,Mar,Wednesday,Brute Force,Medium,0.38,IDS/IPS,Cloud Workload,Operations,Malicious Link,Execution,Phishing domain,72,United States,North America,Investigating,98,1,0.0,9,True,AN-014,Synthetic brute force event; review identity activity.
INC-00295,2026-03-25,2026-03-25,3,Mar,Wednesday,Brute Force,Low,0.16,Identity Provider,Payment API,HR,Misconfiguration,Defense Evasion,Malware hash,45,India,Asia,Escalated,29,2,0.0,3,True,AN-015,Synthetic brute force event; review indicator context.
INC-00296,2026-03-25,2026-03-25,15,Mar,Wednesday,Data Exfiltration,High,0.67,Identity Provider,Email Gateway,Engineering,Misconfiguration,Collection,Phishing domain,90,Canada,North America,Investigating,109,6,0.03,54,True,AN-006,Synthetic data exfiltration event; review indicator context.
INC-00297,2026-03-25,2026-03-25,15,Mar,Wednesday,Insider Threat,Medium,0.42,IDS/IPS,Email Gateway,Engineering,USB Device,Discovery,Malware hash,50,India,Asia,Escalated,111,1,0.0,14,True,AN-001,Synthetic insider threat event; review identity activity.
INC-00298,2026-03-25,2026-03-25,23,Mar,Wednesday,Command and Control,Low,0.21,Identity Provider,Email Gateway,HR,USB Device,Collection,Known malicious IP,72,United States,North America,Blocked,15,1,0.01,15,True,AN-001,Synthetic command and control event; review network logs.
INC-00299,2026-03-26,2026-03-26,6,Mar,Thursday,Brute Force,Medium,0.46,EDR,Cloud Workload,HR,Misconfiguration,Lateral Movement,Known malicious IP,64,Canada,North America,False Positive,53,1,0.01,8,False,AN-007,Synthetic brute force event; review indicator context.
INC-00300,2026-03-26,2026-03-26,9,Mar,Thursday,Malware,Critical,0.98,Identity Provider,Endpoint Workstation,Customer Support,USB Device,Command and Control,Vulnerability advisory,51,United States,North America,Resolved,88,7,0.0,3,True,AN-012,Synthetic malware event; review indicator context.
INC-00301,2026-03-26,2026-03-26,10,Mar,Thursday,Malware,Low,0.11,EDR,Domain Controller,Engineering,Misconfiguration,Impact,No external match,28,United Kingdom,Europe,Investigating,36,1,0.01,8,False,AN-009,Synthetic malware event; review identity activity.
INC-00302,2026-03-26,2026-03-26,12,Mar,Thursday,Suspicious Login,High,0.52,Identity Provider,Web Server,HR,Misconfiguration,Defense Evasion,Phishing domain,74,Netherlands,Europe,Escalated,74,6,0.0,11,True,AN-010,Synthetic suspicious login event; review indicator context.
INC-00303,2026-03-26,2026-03-26,14,Mar,Thursday,Malware,Low,0.21,EDR,Database Server,HR,Email Attachment,Execution,Malware hash,78,India,Asia,Contained,12,2,0.0,12,True,AN-002,Synthetic malware event; review endpoint telemetry.
INC-00304,2026-03-27,2026-03-27,2,Mar,Friday,Brute Force,Low,0.09,Firewall,Cloud Workload,Sales,Vulnerable Application,Lateral Movement,Malware hash,89,United States,North America,Blocked,25,1,0.0,16,True,AN-011,Synthetic brute force event; review indicator context.
INC-00305,2026-03-27,2026-03-27,7,Mar,Friday,DDoS,Low,0.14,EDR,Endpoint Workstation,Sales,Email Attachment,Credential Access,Phishing domain,75,India,Asia,Contained,78,2,0.0,16,True,AN-001,Synthetic ddos event; review endpoint telemetry.
INC-00306,2026-03-27,2026-03-27,16,Mar,Friday,Web Attack,High,0.71,Identity Provider,Database Server,HR,Email Attachment,Collection,No external match,42,Germany,Europe,Contained,73,6,0.01,21,False,AN-014,Synthetic web attack event; review email evidence.
INC-00307,2026-03-28,2026-03-28,10,Mar,Saturday,Insider Threat,High,0.63,Cloud Security,Domain Controller,Research,Exposed Service,Privilege Escalation,Phishing domain,76,Canada,North America,Resolved,173,7,0.01,63,True,AN-015,Synthetic insider threat event; review indicator context.
INC-00308,2026-03-28,2026-03-28,18,Mar,Saturday,Suspicious Login,Low,0.1,Web Application Firewall,VPN Gateway,HR,Third-Party Access,Lateral Movement,Vulnerability advisory,92,Germany,Europe,Contained,7,1,0.01,6,True,AN-005,Synthetic suspicious login event; review endpoint telemetry.
INC-00309,2026-03-28,2026-03-28,21,Mar,Saturday,Ransomware,Low,0.16,IDS/IPS,File Server,HR,Third-Party Access,Defense Evasion,Phishing domain,65,Brazil,South America,Contained,46,0,0.0,7,True,AN-010,Synthetic ransomware event; review identity activity.
INC-00310,2026-03-28,2026-03-28,21,Mar,Saturday,Web Attack,Medium,0.23,Web Application Firewall,Endpoint Workstation,HR,Third-Party Access,Exfiltration,Known malicious IP,47,United States,North America,Contained,103,4,0.0,11,True,AN-003,Synthetic web attack event; review endpoint telemetry.
INC-00311,2026-03-29,2026-03-29,11,Mar,Sunday,Phishing,High,0.7,EDR,Endpoint Workstation,Sales,Vulnerable Application,Discovery,Malware hash,83,India,Asia,Contained,99,4,0.01,55,True,AN-005,Synthetic phishing event; review endpoint telemetry.
INC-00312,2026-03-29,2026-03-29,15,Mar,Sunday,Ransomware,High,0.7,Firewall,Cloud Workload,Customer Support,Stolen Credentials,Privilege Escalation,Suspicious domain,94,India,Asia,False Positive,86,6,0.01,53,False,AN-007,Synthetic ransomware event; review identity activity.
INC-00313,2026-03-29,2026-03-29,20,Mar,Sunday,Web Attack,Low,0.1,EDR,VPN Gateway,Engineering,Email Attachment,Lateral Movement,No external match,55,Netherlands,Europe,Escalated,27,0,0.0,13,False,AN-011,Synthetic web attack event; review endpoint telemetry.
INC-00314,2026-03-30,2026-03-30,1,Mar,Monday,Data Exfiltration,High,0.54,IDS/IPS,Cloud Workload,HR,Third-Party Access,Persistence,Phishing domain,87,India,Asia,Resolved,104,4,0.29,36,True,AN-007,Synthetic data exfiltration event; review endpoint telemetry.
INC-00315,2026-03-30,2026-03-30,7,Mar,Monday,Brute Force,Critical,0.88,SIEM,Web Server,Engineering,Stolen Credentials,Collection,Malware hash,85,United States,North America,Contained,183,9,0.0,33,True,AN-006,Synthetic brute force event; review indicator context.
INC-00316,2026-03-30,2026-03-30,9,Mar,Monday,Phishing,Low,0.19,EDR,Database Server,Research,Stolen Credentials,Command and Control,Known malicious IP,46,Australia,Oceania,Contained,26,0,0.0,12,True,AN-012,Synthetic phishing event; review identity activity.
INC-00317,2026-03-30,2026-03-30,11,Mar,Monday,Ransomware,Low,0.21,Cloud Security,Email Gateway,IT,Misconfiguration,Exfiltration,Malware hash,65,Japan,Asia,Resolved,96,0,0.0,12,True,AN-004,Synthetic ransomware event; review indicator context.
INC-00318,2026-03-30,2026-03-30,12,Mar,Monday,Data Exfiltration,Low,0.1,EDR,Employee Laptop,IT,Unusual Network Traffic,Discovery,Botnet indicator,64,Australia,Oceania,Resolved,6,2,0.07,18,True,AN-014,Synthetic data exfiltration event; review indicator context.
INC-00319,2026-03-30,2026-03-30,18,Mar,Monday,Phishing,Critical,0.89,Identity Provider,Web Server,Sales,Misconfiguration,Execution,Known malicious IP,62,Singapore,Asia,Blocked,25,6,0.01,60,True,AN-008,Synthetic phishing event; review identity activity.
INC-00320,2026-03-30,2026-03-30,19,Mar,Monday,Insider Threat,Medium,0.24,IDS/IPS,Database Server,Research,Stolen Credentials,Initial Access,Known malicious IP,76,India,Asia,Resolved,58,1,0.0,22,True,AN-004,Synthetic insider threat event; review email evidence.
INC-00321,2026-03-31,2026-03-31,0,Mar,Tuesday,Brute Force,High,0.52,Firewall,Email Gateway,IT,Misconfiguration,Privilege Escalation,No external match,27,Brazil,South America,Contained,96,5,0.0,55,False,AN-003,Synthetic brute force event; review identity activity.
INC-00322,2026-03-31,2026-03-31,5,Mar,Tuesday,Web Attack,Low,0.17,Cloud Security,Database Server,HR,Email Attachment,Persistence,Botnet indicator,50,United States,North America,Blocked,25,1,0.0,24,True,AN-010,Synthetic web attack event; review indicator context.
INC-00323,2026-03-31,2026-03-31,17,Mar,Tuesday,DDoS,Low,0.1,Web Application Firewall,Payment API,Sales,Vulnerable Application,Defense Evasion,Phishing domain,52,United States,North America,Blocked,25,0,0.01,12,True,AN-013,Synthetic ddos event; review email evidence.
INC-00324,2026-03-31,2026-03-31,18,Mar,Tuesday,Suspicious Login,Medium,0.44,EDR,VPN Gateway,Engineering,Exposed Service,Initial Access,Suspicious domain,75,United States,North America,Investigating,20,1,0.01,24,True,AN-011,Synthetic suspicious login event; review identity activity.
INC-00325,2026-03-31,2026-03-31,19,Mar,Tuesday,Phishing,Medium,0.34,SIEM,Email Gateway,Research,Exposed Service,Defense Evasion,Credential leak indicator,61,India,Asia,Contained,26,4,0.0,16,True,AN-002,Synthetic phishing event; review endpoint telemetry.
INC-00326,2026-04-01,2026-04-01,11,Apr,Wednesday,Ransomware,Critical,0.83,EDR,Web Server,IT,Third-Party Access,Lateral Movement,Malware hash,72,India,Asia,Blocked,25,9,0.0,44,True,AN-004,Synthetic ransomware event; review email evidence.
INC-00327,2026-04-02,2026-04-02,5,Apr,Thursday,Brute Force,High,0.69,IDS/IPS,Endpoint Workstation,Sales,Exposed Service,Lateral Movement,Credential leak indicator,67,United States,North America,Resolved,182,3,0.0,37,True,AN-001,Synthetic brute force event; review email evidence.
INC-00328,2026-04-02,2026-04-02,16,Apr,Thursday,Brute Force,Medium,0.46,EDR,Employee Laptop,Operations,Unusual Network Traffic,Discovery,Suspicious domain,95,Germany,Europe,Investigating,74,2,0.01,11,True,AN-005,Synthetic brute force event; review identity activity.
INC-00329,2026-04-02,2026-04-02,22,Apr,Thursday,Phishing,Low,0.18,Firewall,VPN Gateway,Customer Support,Malicious Link,Lateral Movement,Botnet indicator,60,Singapore,Asia,Investigating,123,0,0.0,23,True,AN-001,Synthetic phishing event; review email evidence.
INC-00330,2026-04-03,2026-04-03,8,Apr,Friday,Malware,High,0.71,EDR,Domain Controller,Operations,Email Attachment,Persistence,Phishing domain,51,United States,North America,Contained,61,3,0.0,37,True,AN-003,Synthetic malware event; review endpoint telemetry.
INC-00331,2026-04-03,2026-04-03,10,Apr,Friday,Brute Force,High,0.72,Email Security,Web Server,HR,Stolen Credentials,Privilege Escalation,Botnet indicator,85,Singapore,Asia,Blocked,25,4,0.0,62,True,AN-004,Synthetic brute force event; review identity activity.
INC-00332,2026-04-03,2026-04-03,20,Apr,Friday,Suspicious Login,High,0.52,Firewall,Endpoint Workstation,Customer Support,USB Device,Command and Control,No external match,48,United States,North America,Blocked,25,4,0.0,40,False,AN-009,Synthetic suspicious login event; review email evidence.
INC-00333,2026-04-04,2026-04-04,10,Apr,Saturday,DDoS,Medium,0.36,Email Security,Payment API,Operations,USB Device,Initial Access,Phishing domain,86,Netherlands,Europe,Blocked,25,2,0.01,19,True,AN-002,Synthetic ddos event; review identity activity.
INC-00334,2026-04-04,2026-04-04,14,Apr,Saturday,DDoS,High,0.75,Email Security,Employee Laptop,HR,USB Device,Initial Access,No external match,16,India,Asia,Investigating,49,4,0.01,7,False,AN-013,Synthetic ddos event; review indicator context.
INC-00335,2026-04-04,2026-04-04,14,Apr,Saturday,Brute Force,High,0.64,EDR,Cloud Workload,Finance,Misconfiguration,Exfiltration,Credential leak indicator,80,Netherlands,Europe,False Positive,111,7,0.0,15,False,AN-015,Synthetic brute force event; review indicator context.
INC-00336,2026-04-04,2026-04-04,23,Apr,Saturday,Malware,Low,0.19,SIEM,Email Gateway,Engineering,USB Device,Execution,Malware hash,62,India,Asia,False Positive,20,0,0.01,17,False,AN-012,Synthetic malware event; review email evidence.
INC-00337,2026-04-05,2026-04-05,16,Apr,Sunday,Ransomware,Low,0.21,EDR,Employee Laptop,Finance,Third-Party Access,Command and Control,Credential leak indicator,72,Singapore,Asia,False Positive,46,0,0.0,10,False,AN-015,Synthetic ransomware event; review indicator context.
INC-00338,2026-04-05,2026-04-05,21,Apr,Sunday,Suspicious Login,Low,0.13,SIEM,File Server,HR,Vulnerable Application,Defense Evasion,Known malicious IP,58,Brazil,South America,Blocked,25,2,0.0,23,True,AN-013,Synthetic suspicious login event; review network logs.
INC-00339,2026-04-06,2026-04-06,22,Apr,Monday,Ransomware,Medium,0.31,Cloud Security,Endpoint Workstation,Engineering,Stolen Credentials,Collection,Known malicious IP,82,United States,North America,Resolved,103,1,0.01,21,True,AN-002,Synthetic ransomware event; review endpoint telemetry.
INC-00340,2026-04-06,2026-04-06,22,Apr,Monday,Web Attack,Critical,0.88,Firewall,Web Server,Finance,Malicious Link,Impact,Vulnerability advisory,70,India,Asia,Resolved,131,10,0.01,50,True,AN-002,Synthetic web attack event; review identity activity.
INC-00341,2026-04-08,2026-04-08,2,Apr,Wednesday,Ransomware,Medium,0.46,Identity Provider,Database Server,IT,Stolen Credentials,Exfiltration,Vulnerability advisory,87,United States,North America,Contained,106,3,0.0,20,True,AN-008,Synthetic ransomware event; review identity activity.
INC-00342,2026-04-08,2026-04-08,7,Apr,Wednesday,DDoS,Medium,0.41,EDR,Web Server,Operations,Stolen Credentials,Credential Access,Vulnerability advisory,83,Australia,Oceania,Contained,42,2,0.0,4,True,AN-008,Synthetic ddos event; review identity activity.
INC-00343,2026-04-09,2026-04-09,5,Apr,Thursday,Suspicious Login,Low,0.15,IDS/IPS,Employee Laptop,Finance,Exposed Service,Defense Evasion,Suspicious domain,93,Singapore,Asia,Contained,184,1,0.0,23,True,AN-005,Synthetic suspicious login event; review identity activity.
INC-00344,2026-04-10,2026-04-10,6,Apr,Friday,Web Attack,Medium,0.34,IDS/IPS,VPN Gateway,Research,Exposed Service,Credential Access,Suspicious domain,90,Japan,Asia,Blocked,25,2,0.01,15,True,AN-009,Synthetic web attack event; review indicator context.
INC-00345,2026-04-11,2026-04-11,4,Apr,Saturday,Suspicious Login,Medium,0.41,SIEM,Employee Laptop,Finance,Malicious Link,Credential Access,Known malicious IP,71,United States,North America,Resolved,14,1,0.0,14,True,AN-010,Synthetic suspicious login event; review network logs.
INC-00346,2026-04-11,2026-04-11,23,Apr,Saturday,Phishing,High,0.56,Web Application Firewall,Employee Laptop,IT,Third-Party Access,Impact,No external match,24,India,Asia,Resolved,42,3,0.01,38,False,AN-005,Synthetic phishing event; review network logs.
INC-00347,2026-04-12,2026-04-12,0,Apr,Sunday,Suspicious Login,High,0.49,IDS/IPS,Email Gateway,Research,Unusual Network Traffic,Lateral Movement,Vulnerability advisory,90,India,Asia,False Positive,108,5,0.0,9,False,AN-010,Synthetic suspicious login event; review network logs.
INC-00348,2026-04-12,2026-04-12,7,Apr,Sunday,Malware,Low,0.21,Email Security,Cloud Workload,Customer Support,Email Attachment,Execution,Malware hash,87,United Kingdom,Europe,Blocked,25,0,0.0,18,True,AN-013,Synthetic malware event; review endpoint telemetry.
INC-00349,2026-04-12,2026-04-12,19,Apr,Sunday,Data Exfiltration,Medium,0.26,SIEM,VPN Gateway,Operations,Unusual Network Traffic,Lateral Movement,Suspicious domain,46,Australia,Oceania,False Positive,44,1,2.37,24,False,AN-013,Synthetic data exfiltration event; review endpoint telemetry.
INC-00350,2026-04-12,2026-04-12,21,Apr,Sunday,Data Exfiltration,Medium,0.26,Email Security,Cloud Workload,Sales,Email Attachment,Discovery,Botnet indicator,80,India,Asia,Blocked,25,3,0.31,11,True,AN-004,Synthetic data exfiltration event; review identity activity.
INC-00351,2026-04-12,2026-04-12,23,Apr,Sunday,Ransomware,Medium,0.24,Firewall,Database Server,Engineering,Unusual Network Traffic,Exfiltration,Vulnerability advisory,52,United States,North America,Blocked,25,2,0.06,8,True,AN-006,Synthetic ransomware event; review endpoint telemetry.
INC-00352,2026-04-13,2026-04-13,13,Apr,Monday,Command and Control,Medium,0.48,Email Security,Database Server,Engineering,Vulnerable Application,Collection,No external match,37,India,Asia,Resolved,23,1,0.01,9,False,AN-009,Synthetic command and control event; review indicator context.
INC-00353,2026-04-13,2026-04-13,14,Apr,Monday,Brute Force,Medium,0.47,Identity Provider,Database Server,Sales,Misconfiguration,Credential Access,No external match,13,India,Asia,Resolved,34,3,0.01,2,False,AN-002,Synthetic brute force event; review network logs.
INC-00354,2026-04-13,2026-04-13,15,Apr,Monday,DDoS,Low,0.09,Email Security,Web Server,Customer Support,Email Attachment,Command and Control,Credential leak indicator,83,Singapore,Asia,False Positive,68,1,0.0,4,False,AN-007,Synthetic ddos event; review email evidence.
INC-00355,2026-04-13,2026-04-13,19,Apr,Monday,Command and Control,High,0.76,SIEM,Cloud Workload,HR,Email Attachment,Credential Access,No external match,21,Netherlands,Europe,Blocked,25,6,0.03,17,False,AN-002,Synthetic command and control event; review endpoint telemetry.
INC-00356,2026-04-13,2026-04-13,21,Apr,Monday,Web Attack,Critical,0.96,Email Security,Employee Laptop,HR,Exposed Service,Credential Access,Malware hash,87,United States,North America,Blocked,25,9,0.0,33,True,AN-011,Synthetic web attack event; review network logs.
INC-00357,2026-04-14,2026-04-14,17,Apr,Tuesday,Phishing,Medium,0.44,SIEM,File Server,Operations,USB Device,Privilege Escalation,Malware hash,60,India,Asia,Blocked,25,4,0.0,23,True,AN-014,Synthetic phishing event; review endpoint telemetry.
INC-00358,2026-04-14,2026-04-14,19,Apr,Tuesday,Malware,Low,0.12,Web Application Firewall,Employee Laptop,IT,USB Device,Initial Access,Malware hash,73,Netherlands,Europe,Blocked,25,1,0.0,5,True,AN-003,Synthetic malware event; review indicator context.
INC-00359,2026-04-14,2026-04-14,20,Apr,Tuesday,Malware,Medium,0.24,Email Security,Web Server,Research,Vulnerable Application,Defense Evasion,Credential leak indicator,52,Australia,Oceania,Investigating,120,3,0.01,11,True,AN-001,Synthetic malware event; review indicator context.
INC-00360,2026-04-14,2026-04-14,22,Apr,Tuesday,DDoS,Medium,0.26,Web Application Firewall,Endpoint Workstation,Engineering,Email Attachment,Discovery,Malware hash,98,India,Asia,False Positive,121,4,0.0,10,False,AN-008,Synthetic ddos event; review endpoint telemetry.
INC-00361,2026-04-15,2026-04-15,14,Apr,Wednesday,Suspicious Login,Critical,0.87,EDR,Email Gateway,HR,Misconfiguration,Persistence,Malware hash,99,United States,North America,Blocked,25,7,0.0,63,True,AN-001,Synthetic suspicious login event; review email evidence.
INC-00362,2026-04-15,2026-04-15,14,Apr,Wednesday,Ransomware,Low,0.12,Cloud Security,Web Server,Sales,Malicious Link,Exfiltration,Botnet indicator,55,Brazil,South America,Blocked,25,1,0.0,3,True,AN-007,Synthetic ransomware event; review identity activity.
INC-00363,2026-04-15,2026-04-15,18,Apr,Wednesday,Suspicious Login,Medium,0.39,EDR,Email Gateway,IT,Exposed Service,Command and Control,Botnet indicator,73,United States,North America,False Positive,30,2,0.0,4,False,AN-011,Synthetic suspicious login event; review indicator context.
INC-00364,2026-04-16,2026-04-16,9,Apr,Thursday,Web Attack,Medium,0.37,Identity Provider,Cloud Workload,Finance,Third-Party Access,Discovery,Malware hash,68,Singapore,Asia,Investigating,54,3,0.0,17,True,AN-009,Synthetic web attack event; review endpoint telemetry.
INC-00365,2026-04-16,2026-04-16,9,Apr,Thursday,Malware,Medium,0.33,Email Security,Employee Laptop,Sales,Malicious Link,Execution,Credential leak indicator,87,United Kingdom,Europe,Resolved,82,3,0.0,22,True,AN-003,Synthetic malware event; review network logs.
INC-00366,2026-04-17,2026-04-17,5,Apr,Friday,Suspicious Login,Low,0.14,Identity Provider,Endpoint Workstation,Operations,Stolen Credentials,Initial Access,Known malicious IP,75,India,Asia,Contained,166,1,0.01,7,True,AN-014,Synthetic suspicious login event; review indicator context.
INC-00367,2026-04-17,2026-04-17,9,Apr,Friday,Suspicious Login,High,0.49,IDS/IPS,File Server,Finance,Exposed Service,Discovery,Botnet indicator,67,United States,North America,Investigating,174,4,0.0,3,True,AN-003,Synthetic suspicious login event; review network logs.
INC-00368,2026-04-17,2026-04-17,16,Apr,Friday,Phishing,Low,0.15,Email Security,Cloud Workload,Sales,Vulnerable Application,Execution,Known malicious IP,57,United States,North America,Contained,24,1,0.0,21,True,AN-008,Synthetic phishing event; review network logs.
INC-00369,2026-04-18,2026-04-18,7,Apr,Saturday,Malware,Medium,0.27,SIEM,Cloud Workload,Operations,Exposed Service,Defense Evasion,No external match,20,Australia,Oceania,Blocked,25,4,0.0,8,False,AN-014,Synthetic malware event; review network logs.
INC-00370,2026-04-18,2026-04-18,19,Apr,Saturday,Brute Force,Medium,0.25,SIEM,Payment API,Operations,Email Attachment,Persistence,Known malicious IP,69,India,Asia,False Positive,51,2,0.02,1,False,AN-013,Synthetic brute force event; review network logs.
INC-00371,2026-04-19,2026-04-19,11,Apr,Sunday,Malware,Low,0.16,IDS/IPS,Cloud Workload,IT,Third-Party Access,Impact,Phishing domain,86,India,Asia,Resolved,84,0,0.0,5,True,AN-009,Synthetic malware event; review identity activity.
INC-00372,2026-04-20,2026-04-20,11,Apr,Monday,Web Attack,Critical,0.85,Identity Provider,Email Gateway,Operations,Third-Party Access,Exfiltration,Credential leak indicator,88,Brazil,South America,Escalated,143,6,0.0,14,True,AN-015,Synthetic web attack event; review network logs.
INC-00373,2026-04-21,2026-04-21,5,Apr,Tuesday,Suspicious Login,Medium,0.26,SIEM,Web Server,Customer Support,Email Attachment,Discovery,No external match,58,India,Asia,Resolved,158,3,0.0,2,False,AN-008,Synthetic suspicious login event; review endpoint telemetry.
INC-00374,2026-04-22,2026-04-22,7,Apr,Wednesday,Phishing,Medium,0.38,EDR,Email Gateway,Operations,Stolen Credentials,Initial Access,Malware hash,91,United States,North America,False Positive,127,2,0.02,23,False,AN-005,Synthetic phishing event; review network logs.
INC-00375,2026-04-23,2026-04-23,5,Apr,Thursday,Brute Force,Medium,0.41,Firewall,Payment API,Customer Support,Third-Party Access,Command and Control,Botnet indicator,67,United States,North America,Contained,46,4,0.0,11,True,AN-011,Synthetic brute force event; review network logs.
INC-00376,2026-04-23,2026-04-23,16,Apr,Thursday,Web Attack,High,0.71,Email Security,Database Server,Finance,Unusual Network Traffic,Command and Control,Botnet indicator,96,Australia,Oceania,Contained,108,4,0.0,34,True,AN-007,Synthetic web attack event; review indicator context.
INC-00377,2026-04-24,2026-04-24,3,Apr,Friday,Brute Force,High,0.59,Web Application Firewall,Email Gateway,HR,USB Device,Credential Access,Malware hash,81,India,Asia,Investigating,64,7,0.01,33,True,AN-011,Synthetic brute force event; review indicator context.
INC-00378,2026-04-24,2026-04-24,3,Apr,Friday,Phishing,Medium,0.42,SIEM,Web Server,Operations,Unusual Network Traffic,Initial Access,Malware hash,52,Canada,North America,Blocked,25,2,0.0,19,True,AN-007,Synthetic phishing event; review identity activity.
INC-00379,2026-04-24,2026-04-24,18,Apr,Friday,Data Exfiltration,Low,0.16,Cloud Security,Web Server,Finance,Stolen Credentials,Initial Access,Phishing domain,70,India,Asia,Blocked,25,0,0.7,10,True,AN-012,Synthetic data exfiltration event; review network logs.
INC-00380,2026-04-24,2026-04-24,21,Apr,Friday,Phishing,Critical,0.89,Firewall,Employee Laptop,Research,Email Attachment,Privilege Escalation,Vulnerability advisory,74,United States,North America,Blocked,25,9,0.01,8,True,AN-004,Synthetic phishing event; review endpoint telemetry.
INC-00381,2026-04-25,2026-04-25,9,Apr,Saturday,Brute Force,Medium,0.26,Email Security,Domain Controller,Operations,Vulnerable Application,Impact,No external match,23,United States,North America,Blocked,25,2,0.01,16,False,AN-013,Synthetic brute force event; review email evidence.
INC-00382,2026-04-25,2026-04-25,11,Apr,Saturday,Suspicious Login,Low,0.1,Web Application Firewall,Domain Controller,Customer Support,Misconfiguration,Execution,Credential leak indicator,71,United States,North America,Resolved,52,2,0.0,18,True,AN-013,Synthetic suspicious login event; review network logs.
INC-00383,2026-04-25,2026-04-25,13,Apr,Saturday,Suspicious Login,High,0.55,IDS/IPS,Employee Laptop,Engineering,Vulnerable Application,Command and Control,No external match,53,Brazil,South America,Blocked,25,7,0.03,44,False,AN-009,Synthetic suspicious login event; review network logs.
INC-00384,2026-04-25,2026-04-25,20,Apr,Saturday,Brute Force,Low,0.19,Web Application Firewall,Email Gateway,IT,Unusual Network Traffic,Credential Access,No external match,50,India,Asia,Contained,47,0,0.0,1,False,AN-005,Synthetic brute force event; review email evidence.
INC-00385,2026-04-26,2026-04-26,0,Apr,Sunday,Data Exfiltration,Low,0.17,Firewall,Email Gateway,Engineering,Misconfiguration,Impact,No external match,13,India,Asia,False Positive,55,0,0.02,23,False,AN-012,Synthetic data exfiltration event; review indicator context.
INC-00386,2026-04-26,2026-04-26,5,Apr,Sunday,DDoS,Critical,0.79,Web Application Firewall,Endpoint Workstation,Sales,Malicious Link,Defense Evasion,Vulnerability advisory,53,Germany,Europe,Resolved,121,7,0.0,20,True,AN-001,Synthetic ddos event; review email evidence.
INC-00387,2026-04-26,2026-04-26,7,Apr,Sunday,Phishing,Medium,0.23,Cloud Security,Domain Controller,IT,Misconfiguration,Credential Access,No external match,26,United States,North America,Escalated,73,3,0.0,13,False,AN-003,Synthetic phishing event; review network logs.
INC-00388,2026-04-26,2026-04-26,12,Apr,Sunday,Suspicious Login,Medium,0.35,EDR,Domain Controller,Research,Exposed Service,Privilege Escalation,Suspicious domain,91,Netherlands,Europe,Blocked,25,3,0.0,21,True,AN-006,Synthetic suspicious login event; review endpoint telemetry.
INC-00389,2026-04-27,2026-04-27,10,Apr,Monday,Phishing,High,0.5,Web Application Firewall,VPN Gateway,Operations,Third-Party Access,Collection,Known malicious IP,74,United States,North America,False Positive,100,3,0.01,46,False,AN-009,Synthetic phishing event; review identity activity.
INC-00390,2026-04-27,2026-04-27,13,Apr,Monday,Suspicious Login,Medium,0.45,EDR,File Server,HR,USB Device,Command and Control,No external match,34,United Kingdom,Europe,Resolved,28,1,0.0,15,False,AN-010,Synthetic suspicious login event; review identity activity.
INC-00391,2026-04-27,2026-04-27,17,Apr,Monday,Phishing,Low,0.15,Web Application Firewall,Domain Controller,HR,USB Device,Persistence,No external match,64,India,Asia,Escalated,3,2,0.01,22,False,AN-005,Synthetic phishing event; review network logs.
INC-00392,2026-04-27,2026-04-27,18,Apr,Monday,Malware,Medium,0.22,IDS/IPS,Domain Controller,Operations,Exposed Service,Credential Access,Known malicious IP,57,United States,North America,Blocked,25,3,0.01,13,True,AN-003,Synthetic malware event; review indicator context.
INC-00393,2026-04-28,2026-04-28,0,Apr,Tuesday,Brute Force,Critical,0.81,Web Application Firewall,File Server,Customer Support,Misconfiguration,Discovery,Known malicious IP,56,Canada,North America,Blocked,25,6,0.0,24,True,AN-004,Synthetic brute force event; review endpoint telemetry.
INC-00394,2026-04-28,2026-04-28,2,Apr,Tuesday,Web Attack,Medium,0.24,Cloud Security,Payment API,Engineering,Malicious Link,Collection,Known malicious IP,88,Germany,Europe,Resolved,65,4,0.0,9,True,AN-012,Synthetic web attack event; review identity activity.
INC-00395,2026-04-28,2026-04-28,3,Apr,Tuesday,Malware,Low,0.09,Email Security,Domain Controller,Research,Misconfiguration,Exfiltration,Malware hash,52,Netherlands,Europe,Contained,37,1,0.0,7,True,AN-007,Synthetic malware event; review network logs.
INC-00396,2026-04-28,2026-04-28,3,Apr,Tuesday,Data Exfiltration,High,0.52,Cloud Security,VPN Gateway,Operations,Stolen Credentials,Lateral Movement,Malware hash,91,United States,North America,Resolved,103,3,4.47,44,True,AN-001,Synthetic data exfiltration event; review indicator context.
INC-00397,2026-04-28,2026-04-28,5,Apr,Tuesday,Malware,Medium,0.45,Web Application Firewall,Database Server,Engineering,Misconfiguration,Credential Access,No external match,54,United States,North America,Resolved,54,4,0.0,15,False,AN-007,Synthetic malware event; review identity activity.
INC-00398,2026-04-28,2026-04-28,8,Apr,Tuesday,Brute Force,High,0.73,EDR,Web Server,HR,Misconfiguration,Impact,No external match,22,United States,North America,Contained,38,5,0.02,32,False,AN-007,Synthetic brute force event; review indicator context.
INC-00399,2026-04-29,2026-04-29,15,Apr,Wednesday,Phishing,Medium,0.38,Cloud Security,Database Server,Operations,USB Device,Defense Evasion,No external match,38,India,Asia,False Positive,45,3,0.0,1,False,AN-006,Synthetic phishing event; review endpoint telemetry.
INC-00400,2026-04-30,2026-04-30,5,Apr,Thursday,Brute Force,Low,0.14,IDS/IPS,Employee Laptop,Engineering,Third-Party Access,Execution,Vulnerability advisory,74,India,Asia,Blocked,25,1,0.01,1,True,AN-014,Synthetic brute force event; review network logs.
INC-00401,2026-04-30,2026-04-30,19,Apr,Thursday,Ransomware,High,0.58,Cloud Security,Web Server,IT,Stolen Credentials,Privilege Escalation,Botnet indicator,51,United States,North America,Blocked,25,4,0.01,2,True,AN-012,Synthetic ransomware event; review network logs.
INC-00402,2026-05-01,2026-05-01,4,May,Friday,Suspicious Login,Medium,0.24,Identity Provider,Endpoint Workstation,IT,USB Device,Defense Evasion,Malware hash,95,Netherlands,Europe,Contained,154,2,0.0,12,True,AN-008,Synthetic suspicious login event; review email evidence.
INC-00403,2026-05-01,2026-05-01,18,May,Friday,DDoS,Medium,0.31,IDS/IPS,Employee Laptop,Operations,Unusual Network Traffic,Lateral Movement,Vulnerability advisory,60,United States,North America,Escalated,54,2,0.0,8,True,AN-001,Synthetic ddos event; review network logs.
INC-00404,2026-05-01,2026-05-01,19,May,Friday,Suspicious Login,Medium,0.34,Web Application Firewall,Web Server,IT,Unusual Network Traffic,Command and Control,Vulnerability advisory,79,Brazil,South America,False Positive,133,3,0.01,4,False,AN-008,Synthetic suspicious login event; review network logs.
INC-00405,2026-05-01,2026-05-01,23,May,Friday,Brute Force,Medium,0.35,Firewall,Web Server,IT,Vulnerable Application,Discovery,Phishing domain,49,Netherlands,Europe,Resolved,67,2,0.0,10,True,AN-003,Synthetic brute force event; review identity activity.
INC-00406,2026-05-01,2026-05-01,23,May,Friday,Command and Control,Low,0.1,Cloud Security,Endpoint Workstation,IT,Vulnerable Application,Exfiltration,No external match,40,Singapore,Asia,Escalated,18,1,0.0,12,False,AN-009,Synthetic command and control event; review identity activity.
INC-00407,2026-05-02,2026-05-02,5,May,Saturday,Brute Force,Low,0.22,Firewall,Email Gateway,Engineering,USB Device,Initial Access,Vulnerability advisory,52,India,Asia,Blocked,25,2,0.0,15,True,AN-004,Synthetic brute force event; review indicator context.
INC-00408,2026-05-02,2026-05-02,9,May,Saturday,Command and Control,Low,0.21,SIEM,Web Server,HR,Malicious Link,Exfiltration,Phishing domain,57,United States,North America,Resolved,36,1,0.0,22,True,AN-006,Synthetic command and control event; review indicator context.
INC-00409,2026-05-02,2026-05-02,10,May,Saturday,Brute Force,Medium,0.36,SIEM,Cloud Workload,Engineering,Third-Party Access,Initial Access,Malware hash,52,United Kingdom,Europe,Blocked,25,3,0.0,22,True,AN-005,Synthetic brute force event; review identity activity.
INC-00410,2026-05-02,2026-05-02,11,May,Saturday,Ransomware,Low,0.09,Firewall,Endpoint Workstation,Operations,Exposed Service,Command and Control,Credential leak indicator,59,United States,North America,Resolved,20,2,0.0,2,True,AN-012,Synthetic ransomware event; review endpoint telemetry.
INC-00411,2026-05-02,2026-05-02,11,May,Saturday,Web Attack,Low,0.1,Identity Provider,Email Gateway,Customer Support,USB Device,Exfiltration,Botnet indicator,80,India,Asia,Investigating,9,2,0.0,20,True,AN-015,Synthetic web attack event; review identity activity.
INC-00412,2026-05-02,2026-05-02,14,May,Saturday,Ransomware,High,0.66,SIEM,Domain Controller,Engineering,Stolen Credentials,Credential Access,Vulnerability advisory,60,Brazil,South America,Resolved,79,6,0.01,33,True,AN-009,Synthetic ransomware event; review endpoint telemetry.
INC-00413,2026-05-02,2026-05-02,19,May,Saturday,Web Attack,Low,0.12,Web Application Firewall,Payment API,Engineering,Unusual Network Traffic,Initial Access,Vulnerability advisory,46,United States,North America,Escalated,146,2,0.0,21,True,AN-005,Synthetic web attack event; review endpoint telemetry.
INC-00414,2026-05-02,2026-05-02,20,May,Saturday,Ransomware,Medium,0.36,IDS/IPS,Web Server,Research,Unusual Network Traffic,Credential Access,No external match,58,United States,North America,Resolved,27,4,0.0,18,False,AN-001,Synthetic ransomware event; review network logs.
INC-00415,2026-05-03,2026-05-03,6,May,Sunday,Brute Force,Low,0.16,SIEM,VPN Gateway,Engineering,USB Device,Discovery,Suspicious domain,91,Netherlands,Europe,Contained,29,1,0.0,18,True,AN-012,Synthetic brute force event; review email evidence.
INC-00416,2026-05-03,2026-05-03,9,May,Sunday,DDoS,Low,0.21,IDS/IPS,Domain Controller,Research,Exposed Service,Command and Control,Phishing domain,98,India,Asia,Resolved,78,1,0.01,16,True,AN-003,Synthetic ddos event; review network logs.
INC-00417,2026-05-03,2026-05-03,14,May,Sunday,Malware,Low,0.08,Identity Provider,VPN Gateway,Customer Support,Stolen Credentials,Collection,Malware hash,93,India,Asia,Blocked,25,2,0.01,3,True,AN-014,Synthetic malware event; review network logs.
INC-00418,2026-05-03,2026-05-03,21,May,Sunday,Brute Force,Medium,0.45,Cloud Security,Email Gateway,Sales,Third-Party Access,Discovery,Vulnerability advisory,98,Australia,Oceania,Blocked,25,3,0.0,10,True,AN-008,Synthetic brute force event; review indicator context.
INC-00419,2026-05-03,2026-05-03,21,May,Sunday,Command and Control,Low,0.16,Web Application Firewall,Payment API,IT,Unusual Network Traffic,Persistence,Credential leak indicator,99,Japan,Asia,Contained,110,0,0.0,7,True,AN-004,Synthetic command and control event; review network logs.
INC-00420,2026-05-04,2026-05-04,2,May,Monday,Malware,Low,0.17,Web Application Firewall,File Server,Finance,Stolen Credentials,Privilege Escalation,No external match,14,Brazil,South America,False Positive,39,0,0.01,8,False,AN-007,Synthetic malware event; review network logs.
INC-00421,2026-05-04,2026-05-04,12,May,Monday,Phishing,Medium,0.47,SIEM,Payment API,IT,Email Attachment,Privilege Escalation,Malware hash,69,United States,North America,Contained,59,4,0.01,4,True,AN-001,Synthetic phishing event; review endpoint telemetry.
INC-00422,2026-05-04,2026-05-04,20,May,Monday,Insider Threat,High,0.7,Identity Provider,Email Gateway,Operations,Third-Party Access,Defense Evasion,Botnet indicator,74,United States,North America,Resolved,81,4,0.0,8,True,AN-005,Synthetic insider threat event; review email evidence.
INC-00423,2026-05-04,2026-05-04,22,May,Monday,Suspicious Login,High,0.73,Email Security,VPN Gateway,Sales,Misconfiguration,Exfiltration,Botnet indicator,84,India,Asia,Investigating,86,3,0.01,59,True,AN-011,Synthetic suspicious login event; review indicator context.
INC-00424,2026-05-05,2026-05-05,3,May,Tuesday,Phishing,Medium,0.31,Web Application Firewall,VPN Gateway,Finance,Stolen Credentials,Credential Access,Credential leak indicator,59,India,Asia,Contained,58,4,0.0,4,True,AN-014,Synthetic phishing event; review email evidence.
INC-00425,2026-05-05,2026-05-05,15,May,Tuesday,DDoS,Medium,0.4,Web Application Firewall,VPN Gateway,Sales,Malicious Link,Privilege Escalation,Known malicious IP,61,Australia,Oceania,False Positive,56,1,0.01,24,False,AN-015,Synthetic ddos event; review email evidence.
INC-00426,2026-05-05,2026-05-05,19,May,Tuesday,Phishing,Medium,0.44,Firewall,Domain Controller,Sales,Malicious Link,Lateral Movement,Phishing domain,82,United States,North America,Resolved,57,1,0.0,11,True,AN-006,Synthetic phishing event; review identity activity.
INC-00427,2026-05-05,2026-05-05,22,May,Tuesday,Web Attack,High,0.51,Email Security,File Server,Sales,Malicious Link,Collection,No external match,56,Brazil,South America,Contained,92,4,0.02,25,False,AN-013,Synthetic web attack event; review email evidence.
INC-00428,2026-05-06,2026-05-06,0,May,Wednesday,DDoS,Low,0.1,IDS/IPS,Employee Laptop,Finance,Misconfiguration,Privilege Escalation,Suspicious domain,84,United States,North America,Investigating,18,2,0.0,14,True,AN-003,Synthetic ddos event; review identity activity.
INC-00429,2026-05-06,2026-05-06,0,May,Wednesday,Malware,Medium,0.31,EDR,Employee Laptop,Operations,Third-Party Access,Privilege Escalation,Malware hash,57,India,Asia,Escalated,33,2,0.01,16,True,AN-005,Synthetic malware event; review endpoint telemetry.
INC-00430,2026-05-06,2026-05-06,3,May,Wednesday,Phishing,Medium,0.36,EDR,Database Server,HR,Stolen Credentials,Impact,Vulnerability advisory,93,Germany,Europe,Investigating,79,3,0.01,1,True,AN-009,Synthetic phishing event; review email evidence.
INC-00431,2026-05-06,2026-05-06,4,May,Wednesday,DDoS,Medium,0.32,EDR,File Server,Customer Support,Third-Party Access,Collection,No external match,57,India,Asia,Blocked,25,4,0.0,23,False,AN-005,Synthetic ddos event; review indicator context.
INC-00432,2026-05-06,2026-05-06,15,May,Wednesday,DDoS,Low,0.11,EDR,Email Gateway,Sales,Malicious Link,Lateral Movement,Malware hash,55,India,Asia,Resolved,81,0,0.02,9,True,AN-012,Synthetic ddos event; review identity activity.
INC-00433,2026-05-06,2026-05-06,19,May,Wednesday,Ransomware,High,0.59,Web Application Firewall,Employee Laptop,Finance,USB Device,Exfiltration,No external match,17,United Kingdom,Europe,False Positive,111,6,0.01,63,False,AN-010,Synthetic ransomware event; review identity activity.
INC-00434,2026-05-07,2026-05-07,2,May,Thursday,Ransomware,Medium,0.44,Web Application Firewall,VPN Gateway,Finance,Email Attachment,Exfiltration,No external match,12,United Kingdom,Europe,Blocked,25,4,0.0,14,False,AN-003,Synthetic ransomware event; review indicator context.
INC-00435,2026-05-07,2026-05-07,3,May,Thursday,Web Attack,Medium,0.38,Cloud Security,VPN Gateway,Engineering,Misconfiguration,Collection,Malware hash,64,United States,North America,False Positive,41,1,0.0,4,False,AN-011,Synthetic web attack event; review indicator context.
INC-00436,2026-05-07,2026-05-07,22,May,Thursday,Insider Threat,Low,0.1,Identity Provider,Web Server,Engineering,Unusual Network Traffic,Lateral Movement,No external match,30,Netherlands,Europe,Resolved,73,0,0.0,24,False,AN-010,Synthetic insider threat event; review identity activity.
INC-00437,2026-05-08,2026-05-08,2,May,Friday,Ransomware,Low,0.21,SIEM,Web Server,Operations,Exposed Service,Defense Evasion,Vulnerability advisory,87,United States,North America,Resolved,47,1,0.0,14,True,AN-005,Synthetic ransomware event; review indicator context.
INC-00438,2026-05-08,2026-05-08,5,May,Friday,Phishing,Medium,0.3,Identity Provider,Domain Controller,Engineering,Stolen Credentials,Execution,No external match,12,Canada,North America,Escalated,23,1,0.0,24,False,AN-006,Synthetic phishing event; review network logs.
INC-00439,2026-05-08,2026-05-08,14,May,Friday,Phishing,Low,0.14,Web Application Firewall,Web Server,Engineering,Misconfiguration,Privilege Escalation,Known malicious IP,81,Netherlands,Europe,Contained,88,2,0.0,16,True,AN-014,Synthetic phishing event; review endpoint telemetry.
INC-00440,2026-05-08,2026-05-08,17,May,Friday,Brute Force,Medium,0.36,Web Application Firewall,Database Server,Sales,Vulnerable Application,Privilege Escalation,Botnet indicator,97,United Kingdom,Europe,Blocked,25,3,0.02,4,True,AN-001,Synthetic brute force event; review endpoint telemetry.
INC-00441,2026-05-09,2026-05-09,1,May,Saturday,Suspicious Login,Medium,0.34,Firewall,Employee Laptop,Sales,USB Device,Discovery,No external match,37,Netherlands,Europe,Resolved,39,1,0.0,2,False,AN-013,Synthetic suspicious login event; review endpoint telemetry.
INC-00442,2026-05-09,2026-05-09,9,May,Saturday,Insider Threat,Low,0.09,IDS/IPS,VPN Gateway,Sales,Malicious Link,Credential Access,Vulnerability advisory,48,United States,North America,Contained,72,1,0.01,1,True,AN-008,Synthetic insider threat event; review endpoint telemetry.
INC-00443,2026-05-09,2026-05-09,9,May,Saturday,Phishing,Low,0.08,Firewall,Web Server,HR,Vulnerable Application,Discovery,Suspicious domain,64,Brazil,South America,False Positive,36,1,0.0,6,False,AN-009,Synthetic phishing event; review email evidence.
INC-00444,2026-05-09,2026-05-09,11,May,Saturday,DDoS,Critical,0.9,EDR,Payment API,Customer Support,Misconfiguration,Persistence,Phishing domain,81,India,Asia,Resolved,180,9,0.01,7,True,AN-003,Synthetic ddos event; review indicator context.
INC-00445,2026-05-09,2026-05-09,12,May,Saturday,DDoS,Low,0.12,Cloud Security,Endpoint Workstation,Finance,USB Device,Initial Access,Credential leak indicator,85,Brazil,South America,Blocked,14,0,0.0,11,True,AN-007,Synthetic ddos event; review email evidence.
INC-00446,2026-05-09,2026-05-09,19,May,Saturday,Web Attack,Medium,0.28,Email Security,Cloud Workload,HR,Misconfiguration,Discovery,Malware hash,80,Netherlands,Europe,Resolved,114,3,0.0,6,True,AN-010,Synthetic web attack event; review endpoint telemetry.
INC-00447,2026-05-09,2026-05-09,22,May,Saturday,Insider Threat,Medium,0.38,Web Application Firewall,VPN Gateway,Research,Stolen Credentials,Initial Access,Known malicious IP,77,United Kingdom,Europe,Resolved,40,3,0.01,17,True,AN-004,Synthetic insider threat event; review indicator context.
INC-00448,2026-05-10,2026-05-10,6,May,Sunday,Phishing,High,0.66,Firewall,File Server,Engineering,Misconfiguration,Privilege Escalation,Malware hash,71,Australia,Oceania,Contained,59,5,0.0,59,True,AN-001,Synthetic phishing event; review network logs.
INC-00449,2026-05-10,2026-05-10,7,May,Sunday,Suspicious Login,High,0.57,Web Application Firewall,Endpoint Workstation,Customer Support,Third-Party Access,Privilege Escalation,Known malicious IP,45,United States,North America,Blocked,25,5,0.0,47,True,AN-008,Synthetic suspicious login event; review network logs.
INC-00450,2026-05-10,2026-05-10,14,May,Sunday,Suspicious Login,Low,0.15,SIEM,Endpoint Workstation,Customer Support,Misconfiguration,Privilege Escalation,Suspicious domain,91,India,Asia,Contained,39,1,0.01,2,True,AN-011,Synthetic suspicious login event; review identity activity.
INC-00451,2026-05-10,2026-05-10,14,May,Sunday,Web Attack,High,0.63,SIEM,VPN Gateway,Sales,Vulnerable Application,Exfiltration,Phishing domain,51,Singapore,Asia,Contained,78,3,0.0,46,True,AN-006,Synthetic web attack event; review email evidence.
INC-00452,2026-05-10,2026-05-10,15,May,Sunday,Brute Force,Low,0.09,Cloud Security,Database Server,Finance,Unusual Network Traffic,Privilege Escalation,No external match,17,India,Asia,Contained,120,0,0.0,24,False,AN-008,Synthetic brute force event; review network logs.
INC-00453,2026-05-10,2026-05-10,16,May,Sunday,Malware,Medium,0.36,Firewall,VPN Gateway,HR,Unusual Network Traffic,Impact,No external match,11,India,Asia,Blocked,25,2,0.01,7,False,AN-014,Synthetic malware event; review email evidence.
INC-00454,2026-05-11,2026-05-11,11,May,Monday,Brute Force,Medium,0.25,Email Security,Employee Laptop,Finance,Stolen Credentials,Initial Access,No external match,63,United States,North America,False Positive,35,1,0.0,1,False,AN-014,Synthetic brute force event; review email evidence.
INC-00455,2026-05-11,2026-05-11,16,May,Monday,Malware,High,0.49,Web Application Firewall,Domain Controller,Engineering,Exposed Service,Credential Access,Known malicious IP,78,United States,North America,Blocked,25,5,0.0,3,True,AN-006,Synthetic malware event; review identity activity.
INC-00456,2026-05-11,2026-05-11,18,May,Monday,Ransomware,High,0.72,IDS/IPS,VPN Gateway,Operations,Third-Party Access,Initial Access,Suspicious domain,99,Netherlands,Europe,Contained,57,5,0.0,64,True,AN-011,Synthetic ransomware event; review identity activity.
INC-00457,2026-05-11,2026-05-11,20,May,Monday,Web Attack,Low,0.13,Cloud Security,File Server,Sales,Misconfiguration,Privilege Escalation,Credential leak indicator,55,Australia,Oceania,Resolved,70,0,0.0,8,True,AN-012,Synthetic web attack event; review network logs.
INC-00458,2026-05-12,2026-05-12,11,May,Tuesday,Malware,Low,0.14,Firewall,Web Server,Customer Support,Email Attachment,Collection,Suspicious domain,83,Japan,Asia,False Positive,71,0,0.0,12,False,AN-012,Synthetic malware event; review email evidence.
INC-00459,2026-05-12,2026-05-12,11,May,Tuesday,Malware,Medium,0.32,Cloud Security,Endpoint Workstation,Sales,USB Device,Persistence,Malware hash,98,Netherlands,Europe,Contained,41,2,0.0,11,True,AN-008,Synthetic malware event; review email evidence.
INC-00460,2026-05-12,2026-05-12,21,May,Tuesday,Suspicious Login,Low,0.19,Email Security,Cloud Workload,Sales,Vulnerable Application,Credential Access,Known malicious IP,80,Australia,Oceania,Blocked,25,0,0.0,9,True,AN-007,Synthetic suspicious login event; review identity activity.
INC-00461,2026-05-13,2026-05-13,0,May,Wednesday,Phishing,Medium,0.48,Web Application Firewall,Endpoint Workstation,Customer Support,Unusual Network Traffic,Credential Access,No external match,31,Japan,Asia,Contained,104,2,0.0,13,False,AN-013,Synthetic phishing event; review identity activity.
INC-00462,2026-05-13,2026-05-13,13,May,Wednesday,Suspicious Login,High,0.63,Cloud Security,Payment API,Finance,Malicious Link,Persistence,Malware hash,58,United States,North America,Contained,82,4,0.0,37,True,AN-015,Synthetic suspicious login event; review indicator context.
INC-00463,2026-05-13,2026-05-13,18,May,Wednesday,Ransomware,Medium,0.36,IDS/IPS,Email Gateway,Finance,Malicious Link,Privilege Escalation,Vulnerability advisory,85,United States,North America,Investigating,77,2,0.01,19,True,AN-001,Synthetic ransomware event; review indicator context.
INC-00464,2026-05-13,2026-05-13,18,May,Wednesday,Brute Force,High,0.71,Web Application Firewall,Endpoint Workstation,HR,Malicious Link,Exfiltration,Phishing domain,66,India,Asia,False Positive,101,7,0.0,42,False,AN-013,Synthetic brute force event; review network logs.
INC-00465,2026-05-14,2026-05-14,2,May,Thursday,Data Exfiltration,Medium,0.28,Web Application Firewall,Email Gateway,Sales,Vulnerable Application,Discovery,No external match,46,United States,North America,Resolved,79,2,0.35,1,False,AN-009,Synthetic data exfiltration event; review email evidence.
INC-00466,2026-05-14,2026-05-14,4,May,Thursday,Web Attack,Low,0.19,IDS/IPS,VPN Gateway,Sales,Stolen Credentials,Collection,Malware hash,51,United States,North America,False Positive,12,1,0.01,23,False,AN-012,Synthetic web attack event; review endpoint telemetry.
INC-00467,2026-05-14,2026-05-14,6,May,Thursday,Malware,Low,0.17,Cloud Security,Payment API,Operations,Misconfiguration,Persistence,No external match,26,Brazil,South America,Contained,101,1,0.01,11,False,AN-014,Synthetic malware event; review identity activity.
INC-00468,2026-05-14,2026-05-14,15,May,Thursday,Phishing,High,0.71,Firewall,Domain Controller,IT,Misconfiguration,Impact,Phishing domain,91,United Kingdom,Europe,Blocked,25,6,0.0,12,True,AN-013,Synthetic phishing event; review network logs.
INC-00469,2026-05-14,2026-05-14,19,May,Thursday,Phishing,Medium,0.41,Cloud Security,VPN Gateway,Sales,Vulnerable Application,Defense Evasion,Phishing domain,86,Canada,North America,Contained,45,4,0.0,8,True,AN-015,Synthetic phishing event; review email evidence.
INC-00470,2026-05-14,2026-05-14,21,May,Thursday,Suspicious Login,Low,0.16,Email Security,VPN Gateway,Research,Exposed Service,Credential Access,Credential leak indicator,98,United States,North America,Investigating,9,0,0.0,7,True,AN-009,Synthetic suspicious login event; review email evidence.
INC-00471,2026-05-15,2026-05-15,5,May,Friday,Phishing,Low,0.19,Firewall,Email Gateway,Customer Support,Stolen Credentials,Collection,Malware hash,59,Australia,Oceania,Blocked,14,1,0.0,8,True,AN-005,Synthetic phishing event; review email evidence.
INC-00472,2026-05-15,2026-05-15,15,May,Friday,Ransomware,Low,0.09,SIEM,VPN Gateway,Research,Misconfiguration,Initial Access,No external match,48,India,Asia,Blocked,25,2,0.0,7,False,AN-012,Synthetic ransomware event; review identity activity.
INC-00473,2026-05-16,2026-05-16,1,May,Saturday,Data Exfiltration,Low,0.11,SIEM,Payment API,Engineering,Vulnerable Application,Collection,Known malicious IP,94,Brazil,South America,Investigating,30,2,0.03,21,True,AN-001,Synthetic data exfiltration event; review email evidence.
INC-00474,2026-05-17,2026-05-17,6,May,Sunday,DDoS,Low,0.09,Cloud Security,Domain Controller,IT,Email Attachment,Lateral Movement,Malware hash,60,India,Asia,Resolved,70,0,0.0,9,True,AN-012,Synthetic ddos event; review endpoint telemetry.
INC-00475,2026-05-17,2026-05-17,16,May,Sunday,Ransomware,Low,0.18,Web Application Firewall,Payment API,HR,Stolen Credentials,Defense Evasion,Known malicious IP,87,United Kingdom,Europe,False Positive,3,2,0.02,17,False,AN-010,Synthetic ransomware event; review identity activity.
INC-00476,2026-05-17,2026-05-17,19,May,Sunday,Phishing,Medium,0.47,Web Application Firewall,File Server,Sales,Third-Party Access,Collection,No external match,17,Germany,Europe,Resolved,55,4,0.01,22,False,AN-009,Synthetic phishing event; review indicator context.
INC-00477,2026-05-17,2026-05-17,23,May,Sunday,Ransomware,Critical,0.87,Cloud Security,Domain Controller,HR,Email Attachment,Discovery,Known malicious IP,56,United States,North America,Resolved,101,6,0.0,51,True,AN-002,Synthetic ransomware event; review identity activity.
INC-00478,2026-05-18,2026-05-18,9,May,Monday,Phishing,Medium,0.3,SIEM,Email Gateway,Customer Support,Third-Party Access,Initial Access,Suspicious domain,82,India,Asia,Blocked,25,3,0.0,10,True,AN-014,Synthetic phishing event; review endpoint telemetry.
INC-00479,2026-05-18,2026-05-18,19,May,Monday,Ransomware,High,0.68,SIEM,Email Gateway,HR,Exposed Service,Collection,No external match,48,Netherlands,Europe,Blocked,25,5,0.01,58,False,AN-011,Synthetic ransomware event; review network logs.
INC-00480,2026-05-18,2026-05-18,23,May,Monday,Data Exfiltration,High,0.63,Identity Provider,Payment API,Engineering,Third-Party Access,Defense Evasion,No external match,10,India,Asia,Blocked,25,5,0.12,58,False,AN-006,Synthetic data exfiltration event; review network logs.
INC-00481,2026-05-19,2026-05-19,1,May,Tuesday,Web Attack,Medium,0.45,Identity Provider,VPN Gateway,IT,Malicious Link,Defense Evasion,Known malicious IP,63,Japan,Asia,Resolved,45,4,0.0,9,True,AN-003,Synthetic web attack event; review network logs.
INC-00482,2026-05-19,2026-05-19,7,May,Tuesday,DDoS,Low,0.21,SIEM,VPN Gateway,HR,Third-Party Access,Discovery,No external match,40,Netherlands,Europe,Blocked,25,1,0.01,18,False,AN-002,Synthetic ddos event; review identity activity.
INC-00483,2026-05-19,2026-05-19,14,May,Tuesday,Phishing,Medium,0.22,SIEM,Domain Controller,Operations,Vulnerable Application,Defense Evasion,Malware hash,69,Australia,Oceania,Resolved,29,1,0.01,22,True,AN-011,Synthetic phishing event; review endpoint telemetry.
INC-00484,2026-05-19,2026-05-19,18,May,Tuesday,Brute Force,Medium,0.37,Email Security,Web Server,IT,Stolen Credentials,Lateral Movement,No external match,37,Germany,Europe,Contained,59,4,0.01,21,False,AN-014,Synthetic brute force event; review network logs.
INC-00485,2026-05-20,2026-05-20,6,May,Wednesday,Suspicious Login,Critical,0.82,Email Security,Employee Laptop,Engineering,Stolen Credentials,Privilege Escalation,No external match,10,Japan,Asia,Investigating,106,10,0.01,58,False,AN-011,Synthetic suspicious login event; review network logs.
INC-00486,2026-05-20,2026-05-20,9,May,Wednesday,DDoS,Medium,0.28,SIEM,VPN Gateway,Research,Exposed Service,Defense Evasion,Malware hash,51,Brazil,South America,Escalated,52,2,0.01,11,True,AN-012,Synthetic ddos event; review email evidence.
INC-00487,2026-05-20,2026-05-20,18,May,Wednesday,Phishing,Medium,0.22,Web Application Firewall,Email Gateway,Finance,Unusual Network Traffic,Credential Access,No external match,59,Japan,Asia,Escalated,39,1,0.0,6,False,AN-002,Synthetic phishing event; review indicator context.
INC-00488,2026-05-20,2026-05-20,19,May,Wednesday,Command and Control,Low,0.12,IDS/IPS,Domain Controller,IT,Vulnerable Application,Persistence,Phishing domain,96,India,Asia,False Positive,101,1,0.01,17,False,AN-008,Synthetic command and control event; review indicator context.
INC-00489,2026-05-21,2026-05-21,2,May,Thursday,Ransomware,Low,0.2,Firewall,Email Gateway,Operations,Stolen Credentials,Collection,Suspicious domain,88,Germany,Europe,Contained,53,0,0.01,9,True,AN-006,Synthetic ransomware event; review email evidence.
INC-00490,2026-05-21,2026-05-21,4,May,Thursday,Insider Threat,High,0.54,SIEM,Payment API,Sales,Exposed Service,Initial Access,No external match,45,United States,North America,Contained,62,5,0.01,27,False,AN-005,Synthetic insider threat event; review network logs.
INC-00491,2026-05-21,2026-05-21,7,May,Thursday,Phishing,Low,0.19,Identity Provider,Payment API,IT,Unusual Network Traffic,Discovery,Phishing domain,52,United States,North America,Blocked,25,2,0.0,6,True,AN-008,Synthetic phishing event; review identity activity.
INC-00492,2026-05-21,2026-05-21,22,May,Thursday,Command and Control,High,0.67,Web Application Firewall,Database Server,Operations,Vulnerable Application,Exfiltration,Phishing domain,75,Canada,North America,Blocked,25,4,0.0,45,True,AN-009,Synthetic command and control event; review email evidence.
INC-00493,2026-05-22,2026-05-22,6,May,Friday,Command and Control,Low,0.14,IDS/IPS,Payment API,HR,Third-Party Access,Exfiltration,Suspicious domain,60,Singapore,Asia,Investigating,69,2,0.0,22,True,AN-008,Synthetic command and control event; review endpoint telemetry.
INC-00494,2026-05-22,2026-05-22,6,May,Friday,Brute Force,Medium,0.46,SIEM,VPN Gateway,Customer Support,Unusual Network Traffic,Exfiltration,No external match,16,United States,North America,Investigating,40,4,0.01,6,False,AN-007,Synthetic brute force event; review network logs.
INC-00495,2026-05-22,2026-05-22,9,May,Friday,Command and Control,Low,0.08,IDS/IPS,Web Server,Research,Vulnerable Application,Collection,No external match,49,United States,North America,Investigating,42,2,0.0,20,False,AN-010,Synthetic command and control event; review endpoint telemetry.
INC-00496,2026-05-22,2026-05-22,9,May,Friday,DDoS,Low,0.2,Identity Provider,Endpoint Workstation,Finance,Malicious Link,Initial Access,Known malicious IP,95,United States,North America,Resolved,22,0,0.0,23,True,AN-007,Synthetic ddos event; review identity activity.
INC-00497,2026-05-22,2026-05-22,13,May,Friday,Web Attack,Low,0.11,Web Application Firewall,Web Server,Research,Exposed Service,Defense Evasion,Known malicious IP,46,Germany,Europe,False Positive,139,0,0.0,1,False,AN-015,Synthetic web attack event; review endpoint telemetry.
INC-00498,2026-05-22,2026-05-22,18,May,Friday,Brute Force,Low,0.09,Email Security,Email Gateway,Customer Support,Vulnerable Application,Initial Access,Vulnerability advisory,82,India,Asia,Contained,53,0,0.02,14,True,AN-008,Synthetic brute force event; review endpoint telemetry.
INC-00499,2026-05-23,2026-05-23,8,May,Saturday,Insider Threat,Low,0.2,Web Application Firewall,Domain Controller,Customer Support,Third-Party Access,Privilege Escalation,Known malicious IP,62,Singapore,Asia,Escalated,77,1,0.0,16,True,AN-006,Synthetic insider threat event; review email evidence.
INC-00500,2026-05-23,2026-05-23,8,May,Saturday,Phishing,High,0.76,EDR,Database Server,Customer Support,Exposed Service,Command and Control,No external match,19,United Kingdom,Europe,Investigating,77,3,0.01,48,False,AN-015,Synthetic phishing event; review email evidence.
INC-00501,2026-05-23,2026-05-23,14,May,Saturday,Suspicious Login,Medium,0.22,IDS/IPS,Domain Controller,Sales,USB Device,Execution,Phishing domain,76,United States,North America,Resolved,42,2,0.0,11,True,AN-011,Synthetic suspicious login event; review network logs.
INC-00502,2026-05-24,2026-05-24,13,May,Sunday,Web Attack,Medium,0.47,Identity Provider,Cloud Workload,Research,Email Attachment,Initial Access,Malware hash,95,United States,North America,Blocked,25,3,0.0,14,True,AN-014,Synthetic web attack event; review indicator context.
INC-00503,2026-05-24,2026-05-24,16,May,Sunday,Phishing,Critical,0.96,SIEM,Email Gateway,Customer Support,Exposed Service,Exfiltration,Suspicious domain,54,Singapore,Asia,Investigating,168,9,0.0,24,True,AN-002,Synthetic phishing event; review indicator context.
INC-00504,2026-05-24,2026-05-24,23,May,Sunday,DDoS,High,0.53,Cloud Security,File Server,Operations,USB Device,Collection,Known malicious IP,52,Singapore,Asia,Contained,50,6,0.01,52,True,AN-012,Synthetic ddos event; review indicator context.
INC-00505,2026-05-25,2026-05-25,5,May,Monday,Suspicious Login,Medium,0.43,Web Application Firewall,Payment API,IT,Exposed Service,Exfiltration,Suspicious domain,94,India,Asia,False Positive,80,4,0.0,14,False,AN-006,Synthetic suspicious login event; review endpoint telemetry.
INC-00506,2026-05-25,2026-05-25,8,May,Monday,Phishing,Medium,0.36,SIEM,VPN Gateway,HR,Email Attachment,Impact,Botnet indicator,67,United States,North America,Investigating,79,1,0.0,8,True,AN-009,Synthetic phishing event; review indicator context.
INC-00507,2026-05-25,2026-05-25,11,May,Monday,DDoS,Medium,0.47,Email Security,Domain Controller,Sales,USB Device,Command and Control,Suspicious domain,81,United States,North America,Investigating,67,2,0.0,22,True,AN-012,Synthetic ddos event; review network logs.
INC-00508,2026-05-25,2026-05-25,22,May,Monday,Data Exfiltration,Low,0.16,Firewall,Endpoint Workstation,Customer Support,Exposed Service,Privilege Escalation,Botnet indicator,82,Japan,Asia,Resolved,37,1,0.71,3,True,AN-005,Synthetic data exfiltration event; review email evidence.
INC-00509,2026-05-26,2026-05-26,6,May,Tuesday,Brute Force,Critical,0.96,SIEM,VPN Gateway,Research,Unusual Network Traffic,Lateral Movement,Vulnerability advisory,75,India,Asia,Contained,95,7,0.01,12,True,AN-001,Synthetic brute force event; review endpoint telemetry.
INC-00510,2026-05-26,2026-05-26,18,May,Tuesday,Suspicious Login,High,0.67,IDS/IPS,Cloud Workload,Research,USB Device,Exfiltration,Malware hash,87,Australia,Oceania,Contained,70,3,0.0,2,True,AN-002,Synthetic suspicious login event; review network logs.
INC-00511,2026-05-26,2026-05-26,18,May,Tuesday,Suspicious Login,High,0.51,Cloud Security,Domain Controller,Engineering,Email Attachment,Command and Control,No external match,39,Japan,Asia,Blocked,25,5,0.01,31,False,AN-010,Synthetic suspicious login event; review network logs.
INC-00512,2026-05-26,2026-05-26,21,May,Tuesday,DDoS,High,0.68,SIEM,Email Gateway,Operations,Exposed Service,Discovery,Known malicious IP,89,United States,North America,Investigating,94,5,0.01,51,True,AN-007,Synthetic ddos event; review network logs.
INC-00513,2026-05-27,2026-05-27,7,May,Wednesday,Malware,Low,0.19,Cloud Security,Database Server,Finance,Misconfiguration,Command and Control,Vulnerability advisory,51,India,Asia,Resolved,66,2,0.01,22,True,AN-007,Synthetic malware event; review indicator context.
INC-00514,2026-05-27,2026-05-27,8,May,Wednesday,Phishing,Medium,0.36,Firewall,Email Gateway,HR,Unusual Network Traffic,Lateral Movement,Credential leak indicator,53,Netherlands,Europe,Investigating,56,4,0.01,6,True,AN-004,Synthetic phishing event; review email evidence.
INC-00515,2026-05-27,2026-05-27,12,May,Wednesday,DDoS,High,0.57,Email Security,Email Gateway,HR,Vulnerable Application,Command and Control,Known malicious IP,71,United Kingdom,Europe,Escalated,89,4,0.01,32,True,AN-007,Synthetic ddos event; review endpoint telemetry.
INC-00516,2026-05-27,2026-05-27,15,May,Wednesday,Suspicious Login,High,0.73,Identity Provider,Web Server,Finance,Third-Party Access,Collection,Phishing domain,96,Brazil,South America,Blocked,25,3,0.0,8,True,AN-003,Synthetic suspicious login event; review endpoint telemetry.
INC-00517,2026-05-28,2026-05-28,9,May,Thursday,Phishing,Low,0.08,Cloud Security,Email Gateway,Sales,Unusual Network Traffic,Collection,Suspicious domain,64,Japan,Asia,Contained,48,2,0.01,6,True,AN-012,Synthetic phishing event; review email evidence.
INC-00518,2026-05-28,2026-05-28,9,May,Thursday,Phishing,Medium,0.41,SIEM,Domain Controller,HR,Unusual Network Traffic,Collection,Vulnerability advisory,94,Canada,North America,Contained,184,2,0.01,23,True,AN-015,Synthetic phishing event; review email evidence.
INC-00519,2026-05-29,2026-05-29,7,May,Friday,DDoS,Medium,0.47,Identity Provider,VPN Gateway,HR,Misconfiguration,Execution,Known malicious IP,74,India,Asia,Blocked,25,3,0.0,6,True,AN-007,Synthetic ddos event; review network logs.
INC-00520,2026-05-29,2026-05-29,14,May,Friday,Malware,Medium,0.36,Identity Provider,VPN Gateway,Sales,Email Attachment,Persistence,Malware hash,80,Canada,North America,Contained,127,4,0.0,8,True,AN-006,Synthetic malware event; review email evidence.
INC-00521,2026-05-29,2026-05-29,16,May,Friday,Phishing,Medium,0.33,Cloud Security,Domain Controller,Engineering,Stolen Credentials,Collection,Known malicious IP,97,Brazil,South America,Blocked,25,3,0.0,21,True,AN-003,Synthetic phishing event; review email evidence.
INC-00522,2026-05-30,2026-05-30,0,May,Saturday,Phishing,Critical,0.91,Firewall,VPN Gateway,Operations,Email Attachment,Command and Control,Botnet indicator,67,Singapore,Asia,Contained,146,7,0.01,41,True,AN-007,Synthetic phishing event; review indicator context.
INC-00523,2026-05-30,2026-05-30,3,May,Saturday,Brute Force,Medium,0.29,Cloud Security,Web Server,Finance,Stolen Credentials,Credential Access,Malware hash,79,United Kingdom,Europe,Blocked,25,1,0.01,1,True,AN-010,Synthetic brute force event; review endpoint telemetry.
INC-00524,2026-05-30,2026-05-30,6,May,Saturday,Malware,Critical,0.99,Web Application Firewall,File Server,HR,Third-Party Access,Impact,Phishing domain,68,United States,North America,Blocked,25,10,0.0,5,True,AN-008,Synthetic malware event; review identity activity.
INC-00525,2026-05-30,2026-05-30,22,May,Saturday,Ransomware,Medium,0.4,Cloud Security,Payment API,Sales,Vulnerable Application,Collection,Vulnerability advisory,57,Netherlands,Europe,Blocked,25,1,0.01,5,True,AN-003,Synthetic ransomware event; review endpoint telemetry.
INC-00526,2026-05-31,2026-05-31,2,May,Sunday,Phishing,High,0.74,Cloud Security,Employee Laptop,IT,USB Device,Discovery,Known malicious IP,72,India,Asia,Resolved,88,7,0.01,32,True,AN-004,Synthetic phishing event; review indicator context.
INC-00527,2026-05-31,2026-05-31,5,May,Sunday,Malware,Medium,0.26,EDR,Web Server,HR,Unusual Network Traffic,Collection,Known malicious IP,78,United States,North America,Investigating,105,2,0.0,12,True,AN-002,Synthetic malware event; review endpoint telemetry.
INC-00528,2026-05-31,2026-05-31,12,May,Sunday,Malware,High,0.48,Cloud Security,VPN Gateway,Operations,Third-Party Access,Impact,Vulnerability advisory,72,India,Asia,Blocked,25,7,0.0,64,True,AN-011,Synthetic malware event; review endpoint telemetry.
INC-00529,2026-06-01,2026-06-01,3,Jun,Monday,Phishing,Low,0.13,Cloud Security,Cloud Workload,IT,Vulnerable Application,Lateral Movement,Vulnerability advisory,88,United Kingdom,Europe,Contained,210,0,0.01,17,True,AN-003,Synthetic phishing event; review identity activity.
INC-00530,2026-06-01,2026-06-01,6,Jun,Monday,Suspicious Login,Medium,0.32,Web Application Firewall,Email Gateway,Finance,Exposed Service,Credential Access,Known malicious IP,88,Canada,North America,Resolved,103,2,0.04,4,True,AN-003,Synthetic suspicious login event; review endpoint telemetry.
INC-00531,2026-06-01,2026-06-01,13,Jun,Monday,Malware,Low,0.16,EDR,Email Gateway,Research,Unusual Network Traffic,Collection,Known malicious IP,97,United States,North America,Resolved,44,0,0.0,12,True,AN-012,Synthetic malware event; review indicator context.
INC-00532,2026-06-01,2026-06-01,19,Jun,Monday,Suspicious Login,Low,0.14,SIEM,Endpoint Workstation,IT,Unusual Network Traffic,Credential Access,Phishing domain,58,Canada,North America,Blocked,7,2,0.02,8,True,AN-013,Synthetic suspicious login event; review email evidence.
INC-00533,2026-06-01,2026-06-01,23,Jun,Monday,Brute Force,High,0.74,Firewall,Domain Controller,Finance,Third-Party Access,Persistence,Phishing domain,97,Brazil,South America,Investigating,39,4,0.0,26,True,AN-012,Synthetic brute force event; review endpoint telemetry.
INC-00534,2026-06-02,2026-06-02,1,Jun,Tuesday,Web Attack,Low,0.19,Email Security,Domain Controller,Finance,Vulnerable Application,Collection,No external match,62,Netherlands,Europe,Resolved,18,1,0.0,22,False,AN-001,Synthetic web attack event; review endpoint telemetry.
INC-00535,2026-06-02,2026-06-02,11,Jun,Tuesday,Suspicious Login,Medium,0.39,EDR,VPN Gateway,Engineering,USB Device,Defense Evasion,Suspicious domain,75,Canada,North America,False Positive,109,1,0.0,9,False,AN-002,Synthetic suspicious login event; review network logs.
INC-00536,2026-06-02,2026-06-02,13,Jun,Tuesday,Suspicious Login,High,0.53,Identity Provider,Domain Controller,Finance,Third-Party Access,Privilege Escalation,Suspicious domain,77,India,Asia,Blocked,25,6,0.01,26,True,AN-003,Synthetic suspicious login event; review indicator context.
INC-00537,2026-06-02,2026-06-02,14,Jun,Tuesday,DDoS,Low,0.16,Email Security,Employee Laptop,IT,Misconfiguration,Credential Access,No external match,32,India,Asia,False Positive,126,0,0.0,10,False,AN-002,Synthetic ddos event; review email evidence.
INC-00538,2026-06-02,2026-06-02,17,Jun,Tuesday,DDoS,Medium,0.39,Firewall,Cloud Workload,Finance,Vulnerable Application,Privilege Escalation,Phishing domain,93,Canada,North America,Blocked,25,4,0.01,23,True,AN-013,Synthetic ddos event; review identity activity.
INC-00539,2026-06-03,2026-06-03,0,Jun,Wednesday,Phishing,Low,0.15,IDS/IPS,VPN Gateway,IT,Unusual Network Traffic,Persistence,Phishing domain,55,India,Asia,Investigating,58,0,0.0,14,True,AN-005,Synthetic phishing event; review email evidence.
INC-00540,2026-06-03,2026-06-03,2,Jun,Wednesday,Web Attack,Low,0.11,Identity Provider,Database Server,HR,Misconfiguration,Privilege Escalation,Phishing domain,89,Australia,Oceania,Contained,77,0,0.0,15,True,AN-012,Synthetic web attack event; review network logs.
INC-00541,2026-06-03,2026-06-03,3,Jun,Wednesday,DDoS,Medium,0.29,IDS/IPS,Email Gateway,Customer Support,Vulnerable Application,Command and Control,Botnet indicator,79,India,Asia,False Positive,24,3,0.0,20,False,AN-006,Synthetic ddos event; review identity activity.
INC-00542,2026-06-03,2026-06-03,4,Jun,Wednesday,Phishing,Medium,0.29,SIEM,Web Server,HR,Email Attachment,Privilege Escalation,Known malicious IP,69,Japan,Asia,Resolved,126,4,0.01,19,True,AN-014,Synthetic phishing event; review identity activity.
INC-00543,2026-06-03,2026-06-03,12,Jun,Wednesday,Suspicious Login,High,0.5,Cloud Security,Domain Controller,Customer Support,Unusual Network Traffic,Initial Access,Malware hash,56,United States,North America,Blocked,25,3,0.0,41,True,AN-010,Synthetic suspicious login event; review network logs.
INC-00544,2026-06-03,2026-06-03,18,Jun,Wednesday,DDoS,Medium,0.4,Web Application Firewall,Payment API,Sales,Email Attachment,Execution,Malware hash,74,United States,North America,Blocked,25,3,0.02,8,True,AN-012,Synthetic ddos event; review indicator context.
INC-00545,2026-06-04,2026-06-04,20,Jun,Thursday,Suspicious Login,Low,0.21,Web Application Firewall,Employee Laptop,IT,Malicious Link,Defense Evasion,Phishing domain,94,Singapore,Asia,Investigating,94,2,0.0,4,True,AN-014,Synthetic suspicious login event; review email evidence.
INC-00546,2026-06-04,2026-06-04,20,Jun,Thursday,Brute Force,Low,0.13,Identity Provider,Domain Controller,Sales,Malicious Link,Impact,Known malicious IP,71,Japan,Asia,False Positive,37,0,0.01,14,False,AN-013,Synthetic brute force event; review identity activity.
INC-00547,2026-06-05,2026-06-05,0,Jun,Friday,Suspicious Login,Low,0.14,Firewall,Email Gateway,Research,Unusual Network Traffic,Impact,No external match,38,Netherlands,Europe,Contained,104,0,0.01,11,False,AN-008,Synthetic suspicious login event; review email evidence.
INC-00548,2026-06-05,2026-06-05,3,Jun,Friday,Data Exfiltration,Medium,0.42,Email Security,File Server,HR,Unusual Network Traffic,Impact,Phishing domain,93,India,Asia,Blocked,25,2,0.39,9,True,AN-005,Synthetic data exfiltration event; review indicator context.
INC-00549,2026-06-05,2026-06-05,6,Jun,Friday,Brute Force,Low,0.1,Email Security,Employee Laptop,Research,Misconfiguration,Exfiltration,Known malicious IP,66,Germany,Europe,Contained,9,0,0.01,7,True,AN-013,Synthetic brute force event; review endpoint telemetry.
INC-00550,2026-06-05,2026-06-05,8,Jun,Friday,Malware,Medium,0.48,Firewall,VPN Gateway,Customer Support,Vulnerable Application,Execution,Malware hash,55,Canada,North America,False Positive,78,1,0.0,9,False,AN-010,Synthetic malware event; review endpoint telemetry.
INC-00551,2026-06-05,2026-06-05,9,Jun,Friday,Suspicious Login,Medium,0.39,EDR,Payment API,Finance,USB Device,Initial Access,Malware hash,91,Brazil,South America,Blocked,25,1,0.02,1,True,AN-002,Synthetic suspicious login event; review network logs.
INC-00552,2026-06-05,2026-06-05,10,Jun,Friday,Brute Force,High,0.64,SIEM,VPN Gateway,HR,Third-Party Access,Defense Evasion,Malware hash,77,Singapore,Asia,Investigating,91,4,0.02,21,True,AN-015,Synthetic brute force event; review network logs.
INC-00553,2026-06-05,2026-06-05,13,Jun,Friday,Suspicious Login,Medium,0.41,IDS/IPS,Employee Laptop,Operations,Stolen Credentials,Impact,Botnet indicator,88,Brazil,South America,Blocked,25,2,0.04,4,True,AN-003,Synthetic suspicious login event; review indicator context.
INC-00554,2026-06-05,2026-06-05,23,Jun,Friday,Ransomware,Medium,0.44,SIEM,Endpoint Workstation,IT,Email Attachment,Initial Access,Phishing domain,59,Japan,Asia,False Positive,25,2,0.01,18,False,AN-001,Synthetic ransomware event; review network logs.
INC-00555,2026-06-06,2026-06-06,7,Jun,Saturday,Suspicious Login,Medium,0.23,EDR,File Server,Customer Support,Misconfiguration,Persistence,Credential leak indicator,74,United Kingdom,Europe,Investigating,43,2,0.0,7,True,AN-007,Synthetic suspicious login event; review indicator context.
INC-00556,2026-06-06,2026-06-06,13,Jun,Saturday,Brute Force,Low,0.13,EDR,Database Server,Sales,USB Device,Initial Access,Malware hash,50,United Kingdom,Europe,Escalated,135,1,0.0,17,True,AN-015,Synthetic brute force event; review network logs.
INC-00557,2026-06-08,2026-06-08,1,Jun,Monday,Ransomware,Medium,0.32,Web Application Firewall,Web Server,Operations,Email Attachment,Credential Access,No external match,62,India,Asia,Blocked,25,3,0.01,14,False,AN-012,Synthetic ransomware event; review endpoint telemetry.
INC-00558,2026-06-08,2026-06-08,4,Jun,Monday,Brute Force,Medium,0.25,EDR,Email Gateway,Research,Misconfiguration,Lateral Movement,Botnet indicator,86,Japan,Asia,Resolved,27,4,0.0,7,True,AN-011,Synthetic brute force event; review network logs.
INC-00559,2026-06-08,2026-06-08,6,Jun,Monday,Phishing,Low,0.16,Cloud Security,File Server,Operations,Exposed Service,Persistence,No external match,63,United States,North America,Investigating,20,2,0.0,6,False,AN-012,Synthetic phishing event; review indicator context.
INC-00560,2026-06-08,2026-06-08,7,Jun,Monday,Malware,Medium,0.26,IDS/IPS,Employee Laptop,Research,USB Device,Impact,Credential leak indicator,63,India,Asia,Resolved,79,1,0.02,24,True,AN-001,Synthetic malware event; review identity activity.
INC-00561,2026-06-08,2026-06-08,9,Jun,Monday,Malware,High,0.6,Web Application Firewall,Employee Laptop,HR,Third-Party Access,Credential Access,Vulnerability advisory,81,Australia,Oceania,Investigating,91,4,0.0,36,True,AN-001,Synthetic malware event; review identity activity.
INC-00562,2026-06-08,2026-06-08,20,Jun,Monday,Brute Force,Medium,0.37,SIEM,Email Gateway,HR,Misconfiguration,Persistence,No external match,48,United States,North America,Investigating,22,1,0.01,22,False,AN-005,Synthetic brute force event; review endpoint telemetry.
INC-00563,2026-06-09,2026-06-09,5,Jun,Tuesday,Malware,Medium,0.48,EDR,Domain Controller,Sales,Third-Party Access,Command and Control,No external match,23,Brazil,South America,False Positive,48,2,0.0,3,False,AN-010,Synthetic malware event; review identity activity.
INC-00564,2026-06-09,2026-06-09,22,Jun,Tuesday,Malware,Low,0.2,Web Application Firewall,Cloud Workload,Finance,Email Attachment,Command and Control,Suspicious domain,50,United States,North America,Escalated,22,1,0.01,10,True,AN-002,Synthetic malware event; review email evidence.
INC-00565,2026-06-10,2026-06-10,2,Jun,Wednesday,Phishing,High,0.5,Email Security,Cloud Workload,IT,USB Device,Credential Access,Phishing domain,91,United States,North America,Blocked,25,4,0.0,35,True,AN-013,Synthetic phishing event; review network logs.
INC-00566,2026-06-10,2026-06-10,6,Jun,Wednesday,Phishing,Medium,0.39,SIEM,Employee Laptop,Finance,Vulnerable Application,Execution,Vulnerability advisory,93,Germany,Europe,Blocked,25,1,0.0,7,True,AN-007,Synthetic phishing event; review indicator context.
INC-00567,2026-06-10,2026-06-10,6,Jun,Wednesday,DDoS,Medium,0.34,Cloud Security,Web Server,Sales,Stolen Credentials,Credential Access,Credential leak indicator,65,United Kingdom,Europe,Blocked,25,3,0.0,20,True,AN-009,Synthetic ddos event; review indicator context.
INC-00568,2026-06-10,2026-06-10,6,Jun,Wednesday,Malware,Medium,0.23,EDR,Domain Controller,Operations,Misconfiguration,Collection,Known malicious IP,90,Canada,North America,Blocked,25,1,0.0,9,True,AN-011,Synthetic malware event; review identity activity.
INC-00569,2026-06-10,2026-06-10,21,Jun,Wednesday,Command and Control,High,0.57,Firewall,Database Server,Customer Support,Stolen Credentials,Exfiltration,Vulnerability advisory,46,Singapore,Asia,Investigating,110,3,0.0,60,True,AN-012,Synthetic command and control event; review indicator context.
INC-00570,2026-06-11,2026-06-11,16,Jun,Thursday,Suspicious Login,High,0.51,IDS/IPS,File Server,IT,Misconfiguration,Collection,Botnet indicator,70,Japan,Asia,Investigating,74,3,0.0,33,True,AN-014,Synthetic suspicious login event; review email evidence.
INC-00571,2026-06-11,2026-06-11,20,Jun,Thursday,Malware,High,0.55,Identity Provider,File Server,Customer Support,Malicious Link,Lateral Movement,No external match,10,Singapore,Asia,False Positive,72,4,0.01,41,False,AN-010,Synthetic malware event; review network logs.
INC-00572,2026-06-12,2026-06-12,4,Jun,Friday,Ransomware,Medium,0.4,IDS/IPS,Payment API,Sales,Unusual Network Traffic,Exfiltration,No external match,29,United Kingdom,Europe,Blocked,17,3,0.04,10,False,AN-007,Synthetic ransomware event; review identity activity.
INC-00573,2026-06-12,2026-06-12,5,Jun,Friday,Malware,Medium,0.47,Identity Provider,Email Gateway,Operations,Vulnerable Application,Persistence,Credential leak indicator,65,India,Asia,Investigating,115,4,0.0,19,True,AN-009,Synthetic malware event; review identity activity.
INC-00574,2026-06-12,2026-06-12,14,Jun,Friday,Phishing,High,0.65,IDS/IPS,Email Gateway,Finance,Misconfiguration,Collection,Vulnerability advisory,83,Brazil,South America,Investigating,57,7,0.0,34,True,AN-004,Synthetic phishing event; review endpoint telemetry.
INC-00575,2026-06-12,2026-06-12,16,Jun,Friday,Phishing,Medium,0.46,Web Application Firewall,Database Server,IT,Email Attachment,Privilege Escalation,No external match,31,Australia,Oceania,Resolved,53,1,0.0,5,False,AN-003,Synthetic phishing event; review endpoint telemetry.
INC-00576,2026-06-12,2026-06-12,17,Jun,Friday,Ransomware,Low,0.11,Cloud Security,VPN Gateway,Research,Vulnerable Application,Lateral Movement,No external match,14,Germany,Europe,Blocked,22,2,0.0,8,False,AN-015,Synthetic ransomware event; review identity activity.
INC-00577,2026-06-13,2026-06-13,13,Jun,Saturday,Command and Control,Critical,0.86,Web Application Firewall,Web Server,Research,Stolen Credentials,Lateral Movement,Malware hash,68,Singapore,Asia,Resolved,128,10,0.01,43,True,AN-002,Synthetic command and control event; review indicator context.
INC-00578,2026-06-14,2026-06-14,9,Jun,Sunday,Command and Control,Low,0.1,Cloud Security,Web Server,Operations,Vulnerable Application,Execution,Suspicious domain,76,India,Asia,Resolved,55,0,0.0,2,True,AN-003,Synthetic command and control event; review network logs.
INC-00579,2026-06-14,2026-06-14,12,Jun,Sunday,Data Exfiltration,Medium,0.29,EDR,Payment API,Engineering,Third-Party Access,Execution,Credential leak indicator,92,India,Asia,Escalated,55,2,0.07,23,True,AN-009,Synthetic data exfiltration event; review indicator context.
INC-00580,2026-06-14,2026-06-14,17,Jun,Sunday,Phishing,Low,0.19,SIEM,Domain Controller,Finance,Email Attachment,Execution,Phishing domain,64,United Kingdom,Europe,Investigating,32,1,0.01,24,True,AN-014,Synthetic phishing event; review email evidence.
INC-00581,2026-06-14,2026-06-14,17,Jun,Sunday,Ransomware,Medium,0.36,EDR,Endpoint Workstation,Finance,Email Attachment,Initial Access,Credential leak indicator,46,United States,North America,Resolved,34,1,0.0,17,True,AN-006,Synthetic ransomware event; review endpoint telemetry.
INC-00582,2026-06-15,2026-06-15,2,Jun,Monday,Suspicious Login,Medium,0.4,EDR,Endpoint Workstation,Customer Support,Malicious Link,Initial Access,Known malicious IP,58,India,Asia,Blocked,25,4,0.01,16,True,AN-006,Synthetic suspicious login event; review network logs.
INC-00583,2026-06-15,2026-06-15,5,Jun,Monday,DDoS,High,0.5,Identity Provider,Database Server,Sales,Email Attachment,Privilege Escalation,No external match,64,India,Asia,Resolved,296,4,0.01,13,False,AN-008,Synthetic ddos event; review email evidence.
INC-00584,2026-06-15,2026-06-15,10,Jun,Monday,Malware,Low,0.18,SIEM,VPN Gateway,Sales,Malicious Link,Persistence,Suspicious domain,64,Netherlands,Europe,Investigating,165,2,0.01,17,True,AN-015,Synthetic malware event; review endpoint telemetry.
INC-00585,2026-06-15,2026-06-15,12,Jun,Monday,DDoS,Low,0.21,IDS/IPS,Web Server,IT,Vulnerable Application,Initial Access,Known malicious IP,53,United Kingdom,Europe,Escalated,11,0,0.06,4,True,AN-009,Synthetic ddos event; review email evidence.
INC-00586,2026-06-15,2026-06-15,17,Jun,Monday,Insider Threat,Low,0.18,Cloud Security,File Server,Customer Support,Exposed Service,Collection,Vulnerability advisory,97,Brazil,South America,Resolved,11,2,0.01,8,True,AN-005,Synthetic insider threat event; review identity activity.
INC-00587,2026-06-16,2026-06-16,5,Jun,Tuesday,Data Exfiltration,Low,0.16,IDS/IPS,Employee Laptop,Engineering,Exposed Service,Persistence,Botnet indicator,72,Germany,Europe,Contained,24,2,0.04,2,True,AN-007,Synthetic data exfiltration event; review indicator context.
INC-00588,2026-06-16,2026-06-16,10,Jun,Tuesday,Suspicious Login,High,0.53,Email Security,Email Gateway,Operations,USB Device,Discovery,Vulnerability advisory,66,Canada,North America,Resolved,115,7,0.01,5,True,AN-013,Synthetic suspicious login event; review identity activity.
INC-00589,2026-06-16,2026-06-16,21,Jun,Tuesday,Web Attack,Critical,0.99,Cloud Security,Cloud Workload,Operations,Malicious Link,Defense Evasion,Suspicious domain,58,Canada,North America,Blocked,25,8,0.03,35,True,AN-009,Synthetic web attack event; review endpoint telemetry.
INC-00590,2026-06-17,2026-06-17,3,Jun,Wednesday,Phishing,Critical,0.84,Cloud Security,Employee Laptop,Research,Misconfiguration,Defense Evasion,Vulnerability advisory,69,India,Asia,Investigating,92,6,0.0,25,True,AN-013,Synthetic phishing event; review network logs.
INC-00591,2026-06-17,2026-06-17,6,Jun,Wednesday,Phishing,Medium,0.26,Identity Provider,Cloud Workload,Engineering,Unusual Network Traffic,Exfiltration,No external match,48,India,Asia,Blocked,25,2,0.0,13,False,AN-007,Synthetic phishing event; review indicator context.
INC-00592,2026-06-17,2026-06-17,14,Jun,Wednesday,Brute Force,High,0.48,Firewall,Endpoint Workstation,Research,USB Device,Initial Access,Malware hash,99,United States,North America,Blocked,25,6,0.0,16,True,AN-005,Synthetic brute force event; review endpoint telemetry.
INC-00593,2026-06-17,2026-06-17,19,Jun,Wednesday,Phishing,Medium,0.46,Cloud Security,Email Gateway,Engineering,Misconfiguration,Defense Evasion,Credential leak indicator,60,United States,North America,Escalated,71,3,0.0,4,True,AN-009,Synthetic phishing event; review email evidence.
INC-00594,2026-06-17,2026-06-17,21,Jun,Wednesday,Ransomware,High,0.72,Cloud Security,Cloud Workload,Research,Vulnerable Application,Initial Access,Suspicious domain,62,Netherlands,Europe,False Positive,81,7,0.0,34,False,AN-013,Synthetic ransomware event; review indicator context.
INC-00595,2026-06-18,2026-06-18,10,Jun,Thursday,Malware,Low,0.2,Firewall,VPN Gateway,Customer Support,Email Attachment,Collection,Known malicious IP,92,Brazil,South America,Contained,26,2,0.0,9,True,AN-009,Synthetic malware event; review network logs.
INC-00596,2026-06-18,2026-06-18,19,Jun,Thursday,Ransomware,Low,0.1,IDS/IPS,Email Gateway,Engineering,Stolen Credentials,Defense Evasion,Credential leak indicator,57,Singapore,Asia,Resolved,28,2,0.0,6,True,AN-011,Synthetic ransomware event; review email evidence.
INC-00597,2026-06-18,2026-06-18,20,Jun,Thursday,Malware,Low,0.1,Email Security,Web Server,Customer Support,Email Attachment,Collection,Known malicious IP,74,India,Asia,Blocked,6,0,0.01,7,True,AN-004,Synthetic malware event; review indicator context.
INC-00598,2026-06-19,2026-06-19,4,Jun,Friday,Brute Force,High,0.5,Identity Provider,Employee Laptop,Engineering,Stolen Credentials,Execution,Known malicious IP,98,Australia,Oceania,Contained,82,3,0.0,57,True,AN-012,Synthetic brute force event; review email evidence.
INC-00599,2026-06-19,2026-06-19,15,Jun,Friday,Brute Force,High,0.64,Cloud Security,File Server,Customer Support,Email Attachment,Impact,Phishing domain,83,United States,North America,Blocked,25,6,0.01,27,True,AN-001,Synthetic brute force event; review network logs.
INC-00600,2026-06-19,2026-06-19,16,Jun,Friday,Command and Control,Medium,0.44,IDS/IPS,Database Server,IT,Email Attachment,Exfiltration,Malware hash,75,Germany,Europe,Blocked,25,3,0.0,7,True,AN-007,Synthetic command and control event; review identity activity.
INC-00601,2026-06-20,2026-06-20,0,Jun,Saturday,Malware,Medium,0.26,Web Application Firewall,Domain Controller,IT,Third-Party Access,Credential Access,Known malicious IP,68,India,Asia,Resolved,152,3,0.0,14,True,AN-001,Synthetic malware event; review endpoint telemetry.
INC-00602,2026-06-21,2026-06-21,1,Jun,Sunday,Malware,Low,0.21,Web Application Firewall,Email Gateway,Customer Support,Malicious Link,Command and Control,Malware hash,92,Australia,Oceania,Resolved,18,2,0.01,16,True,AN-007,Synthetic malware event; review endpoint telemetry.
INC-00603,2026-06-21,2026-06-21,5,Jun,Sunday,Suspicious Login,Low,0.2,Identity Provider,VPN Gateway,Customer Support,Third-Party Access,Exfiltration,Suspicious domain,96,Australia,Oceania,Blocked,25,2,0.0,10,True,AN-011,Synthetic suspicious login event; review endpoint telemetry.
INC-00604,2026-06-21,2026-06-21,11,Jun,Sunday,Suspicious Login,Low,0.11,Email Security,Endpoint Workstation,Research,Third-Party Access,Persistence,Known malicious IP,62,United Kingdom,Europe,Investigating,113,2,0.0,7,True,AN-015,Synthetic suspicious login event; review endpoint telemetry.
INC-00605,2026-06-21,2026-06-21,13,Jun,Sunday,Brute Force,Medium,0.37,Cloud Security,Endpoint Workstation,IT,Malicious Link,Exfiltration,No external match,50,India,Asia,False Positive,118,3,0.05,12,False,AN-008,Synthetic brute force event; review identity activity.
INC-00606,2026-06-22,2026-06-22,0,Jun,Monday,Phishing,High,0.63,Email Security,Domain Controller,HR,Unusual Network Traffic,Defense Evasion,Phishing domain,83,Canada,North America,Contained,94,6,0.0,20,True,AN-003,Synthetic phishing event; review indicator context.
INC-00607,2026-06-22,2026-06-22,2,Jun,Monday,Ransomware,High,0.55,SIEM,Employee Laptop,Operations,Malicious Link,Defense Evasion,Vulnerability advisory,56,United Kingdom,Europe,Blocked,25,4,0.0,16,True,AN-007,Synthetic ransomware event; review identity activity.
INC-00608,2026-06-22,2026-06-22,2,Jun,Monday,Malware,Low,0.22,Email Security,Database Server,Customer Support,Unusual Network Traffic,Command and Control,No external match,49,India,Asia,Contained,246,1,0.03,3,False,AN-008,Synthetic malware event; review identity activity.
INC-00609,2026-06-22,2026-06-22,12,Jun,Monday,Malware,High,0.51,Firewall,VPN Gateway,HR,Stolen Credentials,Privilege Escalation,No external match,45,United States,North America,Blocked,25,6,0.02,32,False,AN-006,Synthetic malware event; review identity activity.
INC-00610,2026-06-22,2026-06-22,13,Jun,Monday,Brute Force,Low,0.13,Cloud Security,Database Server,Operations,Malicious Link,Defense Evasion,Known malicious IP,84,United States,North America,Blocked,3,1,0.01,10,True,AN-004,Synthetic brute force event; review email evidence.
INC-00611,2026-06-22,2026-06-22,13,Jun,Monday,Suspicious Login,Low,0.12,Cloud Security,Endpoint Workstation,Finance,Third-Party Access,Privilege Escalation,Phishing domain,74,United Kingdom,Europe,Blocked,25,2,0.0,20,True,AN-005,Synthetic suspicious login event; review indicator context.
INC-00612,2026-06-22,2026-06-22,15,Jun,Monday,Web Attack,Low,0.1,Email Security,File Server,HR,Third-Party Access,Command and Control,No external match,49,India,Asia,False Positive,74,2,0.01,15,False,AN-011,Synthetic web attack event; review network logs.
INC-00613,2026-06-24,2026-06-24,2,Jun,Wednesday,DDoS,Medium,0.22,EDR,Endpoint Workstation,IT,Exposed Service,Collection,Vulnerability advisory,72,Singapore,Asia,Resolved,21,3,0.01,20,True,AN-007,Synthetic ddos event; review email evidence.
INC-00614,2026-06-24,2026-06-24,2,Jun,Wednesday,Brute Force,Low,0.08,EDR,Database Server,HR,Third-Party Access,Execution,No external match,13,Brazil,South America,Escalated,44,2,0.01,6,False,AN-005,Synthetic brute force event; review indicator context.
INC-00615,2026-06-24,2026-06-24,12,Jun,Wednesday,Phishing,Medium,0.46,SIEM,Endpoint Workstation,Finance,Email Attachment,Command and Control,Suspicious domain,98,Australia,Oceania,Blocked,19,1,0.01,4,True,AN-010,Synthetic phishing event; review network logs.
INC-00616,2026-06-25,2026-06-25,6,Jun,Thursday,Phishing,High,0.73,Identity Provider,File Server,Research,Malicious Link,Defense Evasion,Known malicious IP,92,United Kingdom,Europe,Resolved,61,6,0.0,15,True,AN-007,Synthetic phishing event; review email evidence.
INC-00617,2026-06-25,2026-06-25,15,Jun,Thursday,Data Exfiltration,High,0.76,Firewall,Cloud Workload,Sales,Stolen Credentials,Initial Access,Malware hash,89,Singapore,Asia,Contained,68,4,0.01,1,True,AN-007,Synthetic data exfiltration event; review identity activity.
INC-00618,2026-06-25,2026-06-25,18,Jun,Thursday,Phishing,Medium,0.34,Cloud Security,Web Server,HR,Stolen Credentials,Impact,No external match,26,India,Asia,Blocked,25,2,0.0,22,False,AN-012,Synthetic phishing event; review indicator context.
INC-00619,2026-06-26,2026-06-26,1,Jun,Friday,DDoS,Medium,0.44,Email Security,Email Gateway,Research,Vulnerable Application,Initial Access,Known malicious IP,81,India,Asia,Resolved,55,1,0.0,3,True,AN-001,Synthetic ddos event; review network logs.
INC-00620,2026-06-26,2026-06-26,8,Jun,Friday,Web Attack,Medium,0.34,SIEM,Web Server,IT,Unusual Network Traffic,Defense Evasion,Vulnerability advisory,88,India,Asia,Contained,167,2,0.01,10,True,AN-008,Synthetic web attack event; review network logs.
INC-00621,2026-06-26,2026-06-26,9,Jun,Friday,Web Attack,Low,0.21,Cloud Security,Cloud Workload,IT,Misconfiguration,Collection,Phishing domain,85,Australia,Oceania,False Positive,56,2,0.0,12,False,AN-005,Synthetic web attack event; review network logs.
INC-00622,2026-06-26,2026-06-26,11,Jun,Friday,Phishing,High,0.66,Cloud Security,Web Server,Engineering,Exposed Service,Persistence,No external match,23,India,Asia,Blocked,25,4,0.02,31,False,AN-012,Synthetic phishing event; review indicator context.
INC-00623,2026-06-26,2026-06-26,20,Jun,Friday,Suspicious Login,Critical,0.8,Email Security,Cloud Workload,Finance,Third-Party Access,Privilege Escalation,Suspicious domain,47,Singapore,Asia,Resolved,151,8,0.01,4,True,AN-006,Synthetic suspicious login event; review identity activity.
INC-00624,2026-06-27,2026-06-27,5,Jun,Saturday,DDoS,Medium,0.22,Email Security,Endpoint Workstation,Sales,Vulnerable Application,Collection,Vulnerability advisory,83,Brazil,South America,Investigating,31,2,0.01,18,True,AN-007,Synthetic ddos event; review identity activity.
INC-00625,2026-06-27,2026-06-27,12,Jun,Saturday,Malware,High,0.5,IDS/IPS,File Server,HR,Stolen Credentials,Initial Access,Malware hash,84,United States,North America,Investigating,87,7,0.01,16,True,AN-004,Synthetic malware event; review identity activity.
INC-00626,2026-06-27,2026-06-27,14,Jun,Saturday,Malware,Medium,0.42,SIEM,Database Server,IT,USB Device,Persistence,Vulnerability advisory,95,United States,North America,Blocked,25,1,0.01,10,True,AN-007,Synthetic malware event; review endpoint telemetry.
INC-00627,2026-06-27,2026-06-27,15,Jun,Saturday,Command and Control,High,0.73,Cloud Security,Email Gateway,Sales,USB Device,Lateral Movement,Phishing domain,84,India,Asia,Blocked,25,4,0.01,19,True,AN-006,Synthetic command and control event; review network logs.
INC-00628,2026-06-27,2026-06-27,16,Jun,Saturday,Brute Force,Low,0.18,Firewall,Payment API,Finance,Third-Party Access,Privilege Escalation,Phishing domain,97,India,Asia,Escalated,37,0,0.0,12,True,AN-008,Synthetic brute force event; review indicator context.
INC-00629,2026-06-27,2026-06-27,17,Jun,Saturday,Data Exfiltration,Medium,0.42,Email Security,Cloud Workload,Engineering,Third-Party Access,Discovery,Phishing domain,56,United States,North America,Blocked,25,2,0.01,9,True,AN-014,Synthetic data exfiltration event; review network logs.
INC-00630,2026-06-27,2026-06-27,18,Jun,Saturday,Suspicious Login,Medium,0.25,SIEM,VPN Gateway,Operations,Third-Party Access,Persistence,Malware hash,84,India,Asia,Blocked,18,3,0.02,11,True,AN-014,Synthetic suspicious login event; review email evidence.
INC-00631,2026-06-28,2026-06-28,3,Jun,Sunday,DDoS,Medium,0.28,Email Security,Endpoint Workstation,IT,Misconfiguration,Persistence,No external match,48,India,Asia,Blocked,18,2,0.0,16,False,AN-014,Synthetic ddos event; review network logs.
INC-00632,2026-06-28,2026-06-28,4,Jun,Sunday,Suspicious Login,Critical,0.85,Cloud Security,Database Server,HR,USB Device,Credential Access,Suspicious domain,91,Australia,Oceania,Escalated,141,10,0.0,17,True,AN-006,Synthetic suspicious login event; review network logs.
INC-00633,2026-06-28,2026-06-28,7,Jun,Sunday,Brute Force,Medium,0.41,Cloud Security,VPN Gateway,IT,Vulnerable Application,Persistence,Phishing domain,87,Singapore,Asia,Investigating,76,3,0.0,22,True,AN-012,Synthetic brute force event; review endpoint telemetry.
INC-00634,2026-06-28,2026-06-28,9,Jun,Sunday,Phishing,Medium,0.48,Email Security,Employee Laptop,Operations,Vulnerable Application,Credential Access,Suspicious domain,76,India,Asia,Blocked,25,4,0.0,15,True,AN-013,Synthetic phishing event; review indicator context.
INC-00635,2026-06-29,2026-06-29,1,Jun,Monday,Phishing,High,0.71,Cloud Security,VPN Gateway,Operations,Malicious Link,Initial Access,Suspicious domain,82,Singapore,Asia,Investigating,91,7,0.01,27,True,AN-006,Synthetic phishing event; review identity activity.
INC-00636,2026-06-29,2026-06-29,21,Jun,Monday,Phishing,High,0.76,Identity Provider,VPN Gateway,Sales,Email Attachment,Execution,Phishing domain,81,United Kingdom,Europe,Investigating,122,6,0.0,9,True,AN-011,Synthetic phishing event; review network logs.
INC-00637,2026-06-29,2026-06-29,22,Jun,Monday,Brute Force,Medium,0.47,IDS/IPS,Cloud Workload,IT,Unusual Network Traffic,Exfiltration,Credential leak indicator,69,India,Asia,Blocked,25,1,0.0,11,True,AN-007,Synthetic brute force event; review email evidence.
INC-00638,2026-06-30,2026-06-30,6,Jun,Tuesday,Phishing,Low,0.17,EDR,File Server,HR,Unusual Network Traffic,Command and Control,Malware hash,68,United Kingdom,Europe,Contained,68,1,0.0,14,True,AN-011,Synthetic phishing event; review indicator context.
INC-00639,2026-07-01,2026-07-01,10,Jul,Wednesday,Malware,High,0.51,SIEM,File Server,Operations,Vulnerable Application,Lateral Movement,Suspicious domain,67,United States,North America,Investigating,79,3,0.0,60,True,AN-015,Synthetic malware event; review identity activity.
INC-00640,2026-07-01,2026-07-01,18,Jul,Wednesday,Phishing,Low,0.18,Cloud Security,Payment API,HR,Stolen Credentials,Impact,Vulnerability advisory,57,Canada,North America,Contained,38,1,0.0,2,True,AN-008,Synthetic phishing event; review network logs.
INC-00641,2026-07-01,2026-07-01,22,Jul,Wednesday,Web Attack,Medium,0.27,Web Application Firewall,Email Gateway,Customer Support,Third-Party Access,Privilege Escalation,Known malicious IP,60,Japan,Asia,Blocked,25,2,0.0,17,True,AN-007,Synthetic web attack event; review endpoint telemetry.
INC-00642,2026-07-02,2026-07-02,0,Jul,Thursday,Web Attack,Medium,0.45,Identity Provider,Domain Controller,Engineering,Vulnerable Application,Defense Evasion,Credential leak indicator,47,United States,North America,Resolved,75,1,0.0,15,True,AN-014,Synthetic web attack event; review indicator context.
INC-00643,2026-07-02,2026-07-02,12,Jul,Thursday,DDoS,Low,0.19,Web Application Firewall,Email Gateway,Research,Unusual Network Traffic,Collection,Suspicious domain,69,Australia,Oceania,Blocked,25,1,0.0,5,True,AN-001,Synthetic ddos event; review identity activity.
INC-00644,2026-07-02,2026-07-02,12,Jul,Thursday,Command and Control,High,0.61,Web Application Firewall,Database Server,Finance,Vulnerable Application,Persistence,Known malicious IP,63,Singapore,Asia,Blocked,25,3,0.0,50,True,AN-002,Synthetic command and control event; review network logs.
INC-00645,2026-07-02,2026-07-02,16,Jul,Thursday,Brute Force,Critical,0.97,Web Application Firewall,Web Server,Finance,Malicious Link,Command and Control,Suspicious domain,82,India,Asia,Resolved,158,7,0.0,6,True,AN-001,Synthetic brute force event; review indicator context.
INC-00646,2026-07-02,2026-07-02,17,Jul,Thursday,Malware,High,0.6,Identity Provider,Web Server,Customer Support,USB Device,Command and Control,Botnet indicator,55,Australia,Oceania,False Positive,147,7,0.0,21,False,AN-004,Synthetic malware event; review email evidence.
INC-00647,2026-07-03,2026-07-03,5,Jul,Friday,Brute Force,Medium,0.35,IDS/IPS,Cloud Workload,Engineering,Vulnerable Application,Credential Access,Vulnerability advisory,93,United States,North America,Resolved,82,2,0.0,5,True,AN-007,Synthetic brute force event; review endpoint telemetry.
INC-00648,2026-07-03,2026-07-03,6,Jul,Friday,Malware,Medium,0.47,Firewall,Cloud Workload,IT,Email Attachment,Privilege Escalation,Phishing domain,89,Germany,Europe,Blocked,25,4,0.0,22,True,AN-004,Synthetic malware event; review identity activity.
INC-00649,2026-07-03,2026-07-03,18,Jul,Friday,Suspicious Login,High,0.74,Email Security,Employee Laptop,Operations,Exposed Service,Privilege Escalation,Known malicious IP,73,United States,North America,Blocked,25,7,0.0,12,True,AN-011,Synthetic suspicious login event; review network logs.
INC-00650,2026-07-04,2026-07-04,4,Jul,Saturday,Brute Force,High,0.63,Email Security,Web Server,Research,Exposed Service,Exfiltration,Suspicious domain,48,Netherlands,Europe,Investigating,126,4,0.03,64,True,AN-004,Synthetic brute force event; review identity activity.
INC-00651,2026-07-04,2026-07-04,15,Jul,Saturday,Command and Control,Medium,0.24,Firewall,File Server,Operations,Misconfiguration,Exfiltration,Credential leak indicator,55,Netherlands,Europe,Investigating,37,4,0.01,8,True,AN-004,Synthetic command and control event; review indicator context.
INC-00652,2026-07-04,2026-07-04,23,Jul,Saturday,Data Exfiltration,High,0.61,Firewall,Domain Controller,Engineering,Third-Party Access,Persistence,Known malicious IP,70,India,Asia,Contained,96,6,0.65,50,True,AN-007,Synthetic data exfiltration event; review endpoint telemetry.
INC-00653,2026-07-05,2026-07-05,6,Jul,Sunday,Malware,Medium,0.3,IDS/IPS,Employee Laptop,Sales,Unusual Network Traffic,Execution,Suspicious domain,51,India,Asia,Blocked,25,2,0.01,12,True,AN-007,Synthetic malware event; review identity activity.
INC-00654,2026-07-05,2026-07-05,8,Jul,Sunday,Data Exfiltration,High,0.72,EDR,Domain Controller,Engineering,Malicious Link,Credential Access,Phishing domain,99,Singapore,Asia,Investigating,111,5,0.06,31,True,AN-001,Synthetic data exfiltration event; review identity activity.
INC-00655,2026-07-05,2026-07-05,14,Jul,Sunday,Suspicious Login,High,0.73,Cloud Security,Web Server,Sales,USB Device,Credential Access,Credential leak indicator,69,United States,North America,Blocked,25,5,0.02,30,True,AN-008,Synthetic suspicious login event; review email evidence.
INC-00656,2026-07-05,2026-07-05,17,Jul,Sunday,DDoS,Medium,0.3,Cloud Security,File Server,IT,Vulnerable Application,Initial Access,No external match,11,Australia,Oceania,Blocked,25,2,0.0,15,False,AN-005,Synthetic ddos event; review identity activity.
INC-00657,2026-07-05,2026-07-05,19,Jul,Sunday,Malware,High,0.64,Web Application Firewall,File Server,Sales,Unusual Network Traffic,Initial Access,Malware hash,79,Brazil,South America,Escalated,88,7,0.01,33,True,AN-013,Synthetic malware event; review email evidence.
INC-00658,2026-07-06,2026-07-06,0,Jul,Monday,Data Exfiltration,Medium,0.35,Email Security,Payment API,Customer Support,Misconfiguration,Collection,Botnet indicator,54,United States,North America,Blocked,25,4,0.19,23,True,AN-005,Synthetic data exfiltration event; review email evidence.
INC-00659,2026-07-06,2026-07-06,3,Jul,Monday,Phishing,Low,0.18,Firewall,Web Server,Operations,USB Device,Lateral Movement,Known malicious IP,69,Australia,Oceania,Investigating,61,1,0.02,18,True,AN-003,Synthetic phishing event; review indicator context.
INC-00660,2026-07-06,2026-07-06,9,Jul,Monday,Suspicious Login,High,0.62,EDR,Web Server,IT,Email Attachment,Impact,Vulnerability advisory,99,United Kingdom,Europe,Contained,40,4,0.02,12,True,AN-001,Synthetic suspicious login event; review email evidence.
INC-00661,2026-07-06,2026-07-06,9,Jul,Monday,Command and Control,High,0.64,Email Security,Web Server,IT,Stolen Credentials,Discovery,Phishing domain,49,India,Asia,Investigating,133,4,0.0,34,True,AN-009,Synthetic command and control event; review indicator context.
INC-00662,2026-07-06,2026-07-06,11,Jul,Monday,Insider Threat,Medium,0.28,EDR,Email Gateway,Customer Support,Stolen Credentials,Command and Control,Vulnerability advisory,48,United States,North America,Investigating,41,3,0.0,23,True,AN-015,Synthetic insider threat event; review indicator context.
INC-00663,2026-07-07,2026-07-07,3,Jul,Tuesday,Phishing,Low,0.14,Cloud Security,Endpoint Workstation,HR,Email Attachment,Initial Access,Malware hash,55,Singapore,Asia,Resolved,34,2,0.0,23,True,AN-006,Synthetic phishing event; review indicator context.
INC-00664,2026-07-07,2026-07-07,8,Jul,Tuesday,Suspicious Login,Low,0.18,IDS/IPS,VPN Gateway,Finance,Misconfiguration,Persistence,Vulnerability advisory,83,Singapore,Asia,Blocked,25,2,0.0,11,True,AN-003,Synthetic suspicious login event; review identity activity.
INC-00665,2026-07-07,2026-07-07,13,Jul,Tuesday,Phishing,High,0.75,Email Security,Domain Controller,HR,Malicious Link,Initial Access,Phishing domain,67,Singapore,Asia,Resolved,130,5,0.0,7,True,AN-001,Synthetic phishing event; review endpoint telemetry.
INC-00666,2026-07-07,2026-07-07,20,Jul,Tuesday,Phishing,Critical,0.88,Web Application Firewall,Web Server,Finance,USB Device,Impact,Vulnerability advisory,72,Australia,Oceania,Blocked,25,9,0.01,50,True,AN-011,Synthetic phishing event; review email evidence.
INC-00667,2026-07-07,2026-07-07,21,Jul,Tuesday,DDoS,High,0.55,Web Application Firewall,Database Server,HR,Exposed Service,Exfiltration,Credential leak indicator,87,Canada,North America,Contained,61,6,0.02,29,True,AN-001,Synthetic ddos event; review email evidence.
INC-00668,2026-07-07,2026-07-07,22,Jul,Tuesday,Brute Force,Low,0.12,IDS/IPS,VPN Gateway,HR,Unusual Network Traffic,Command and Control,Vulnerability advisory,89,United Kingdom,Europe,Blocked,25,0,0.02,16,True,AN-014,Synthetic brute force event; review email evidence.
INC-00669,2026-07-08,2026-07-08,5,Jul,Wednesday,Ransomware,Critical,0.87,Email Security,Endpoint Workstation,Research,Exposed Service,Impact,Phishing domain,65,Australia,Oceania,Blocked,25,7,0.0,53,True,AN-006,Synthetic ransomware event; review indicator context.
INC-00670,2026-07-09,2026-07-09,17,Jul,Thursday,DDoS,High,0.7,Web Application Firewall,Cloud Workload,Engineering,Misconfiguration,Credential Access,No external match,60,United States,North America,Blocked,25,4,0.0,60,False,AN-005,Synthetic ddos event; review email evidence.
INC-00671,2026-07-09,2026-07-09,18,Jul,Thursday,Brute Force,Critical,0.95,Email Security,Web Server,Operations,Stolen Credentials,Command and Control,No external match,43,India,Asia,Contained,176,10,0.03,22,False,AN-004,Synthetic brute force event; review email evidence.
INC-00672,2026-07-09,2026-07-09,19,Jul,Thursday,DDoS,Critical,0.92,Web Application Firewall,Cloud Workload,Operations,Unusual Network Traffic,Credential Access,No external match,40,India,Asia,Investigating,112,6,0.0,18,False,AN-011,Synthetic ddos event; review network logs.
INC-00673,2026-07-10,2026-07-10,4,Jul,Friday,DDoS,Low,0.15,Firewall,Database Server,Research,Misconfiguration,Lateral Movement,No external match,26,United States,North America,Blocked,25,1,0.0,19,False,AN-011,Synthetic ddos event; review network logs.
INC-00674,2026-07-10,2026-07-10,14,Jul,Friday,Data Exfiltration,Low,0.2,Identity Provider,Domain Controller,HR,Malicious Link,Credential Access,No external match,12,United States,North America,Resolved,42,1,0.16,20,False,AN-009,Synthetic data exfiltration event; review identity activity.
INC-00675,2026-07-10,2026-07-10,14,Jul,Friday,DDoS,Medium,0.45,Cloud Security,VPN Gateway,Operations,Stolen Credentials,Command and Control,Known malicious IP,91,Canada,North America,Resolved,89,3,0.01,17,True,AN-015,Synthetic ddos event; review email evidence.
INC-00676,2026-07-11,2026-07-11,2,Jul,Saturday,Malware,Low,0.18,Firewall,File Server,Operations,Misconfiguration,Credential Access,No external match,64,Australia,Oceania,Investigating,128,2,0.0,11,False,AN-003,Synthetic malware event; review network logs.
INC-00677,2026-07-11,2026-07-11,6,Jul,Saturday,Phishing,High,0.77,SIEM,Employee Laptop,HR,Exposed Service,Impact,Phishing domain,81,Brazil,South America,Contained,189,6,0.0,25,True,AN-007,Synthetic phishing event; review network logs.
INC-00678,2026-07-11,2026-07-11,10,Jul,Saturday,Phishing,High,0.54,Firewall,Payment API,Research,Stolen Credentials,Privilege Escalation,Malware hash,60,Japan,Asia,Blocked,25,4,0.0,27,True,AN-010,Synthetic phishing event; review endpoint telemetry.
INC-00679,2026-07-11,2026-07-11,15,Jul,Saturday,Web Attack,Critical,0.8,Cloud Security,Domain Controller,Finance,Unusual Network Traffic,Collection,Credential leak indicator,99,United States,North America,Escalated,180,7,0.0,8,True,AN-005,Synthetic web attack event; review email evidence.
INC-00680,2026-07-12,2026-07-12,0,Jul,Sunday,Web Attack,High,0.66,Cloud Security,Endpoint Workstation,Engineering,Malicious Link,Command and Control,Known malicious IP,47,Germany,Europe,Investigating,37,4,0.01,28,True,AN-011,Synthetic web attack event; review email evidence.
INC-00681,2026-07-12,2026-07-12,2,Jul,Sunday,Ransomware,Low,0.17,EDR,Domain Controller,Operations,Exposed Service,Lateral Movement,Suspicious domain,82,Canada,North America,Blocked,25,2,0.0,4,True,AN-008,Synthetic ransomware event; review network logs.
INC-00682,2026-07-12,2026-07-12,3,Jul,Sunday,Ransomware,Medium,0.34,SIEM,Employee Laptop,Research,USB Device,Command and Control,Phishing domain,62,Netherlands,Europe,Investigating,118,1,0.0,6,True,AN-005,Synthetic ransomware event; review endpoint telemetry.
INC-00683,2026-07-12,2026-07-12,5,Jul,Sunday,Suspicious Login,Low,0.22,EDR,Domain Controller,Finance,Stolen Credentials,Collection,Vulnerability advisory,49,Netherlands,Europe,False Positive,67,0,0.01,13,False,AN-002,Synthetic suspicious login event; review identity activity.
INC-00684,2026-07-13,2026-07-13,0,Jul,Monday,Malware,Low,0.18,Firewall,Email Gateway,Sales,Malicious Link,Persistence,Phishing domain,94,India,Asia,Blocked,25,0,0.0,18,True,AN-005,Synthetic malware event; review endpoint telemetry.
INC-00685,2026-07-13,2026-07-13,10,Jul,Monday,DDoS,Critical,0.95,Email Security,Database Server,Engineering,USB Device,Credential Access,No external match,59,India,Asia,Investigating,86,9,0.01,54,False,AN-011,Synthetic ddos event; review endpoint telemetry.
INC-00686,2026-07-14,2026-07-14,9,Jul,Tuesday,Malware,Medium,0.28,Email Security,Web Server,Sales,Unusual Network Traffic,Privilege Escalation,Malware hash,72,Germany,Europe,False Positive,86,1,0.0,15,False,AN-005,Synthetic malware event; review identity activity.
INC-00687,2026-07-14,2026-07-14,13,Jul,Tuesday,Phishing,Medium,0.22,Email Security,File Server,Customer Support,Vulnerable Application,Exfiltration,Phishing domain,45,India,Asia,Blocked,16,3,0.0,24,True,AN-002,Synthetic phishing event; review endpoint telemetry.
INC-00688,2026-07-14,2026-07-14,23,Jul,Tuesday,Malware,High,0.57,Identity Provider,Employee Laptop,Sales,Misconfiguration,Execution,Credential leak indicator,87,India,Asia,Blocked,25,5,0.0,7,True,AN-006,Synthetic malware event; review endpoint telemetry.
INC-00689,2026-07-15,2026-07-15,2,Jul,Wednesday,Suspicious Login,Medium,0.41,Identity Provider,Domain Controller,Customer Support,Unusual Network Traffic,Execution,Botnet indicator,47,Brazil,South America,Blocked,13,4,0.01,3,True,AN-012,Synthetic suspicious login event; review email evidence.
INC-00690,2026-07-15,2026-07-15,6,Jul,Wednesday,Data Exfiltration,Medium,0.39,Identity Provider,Web Server,Customer Support,Misconfiguration,Exfiltration,Phishing domain,70,United States,North America,Blocked,25,4,0.34,2,True,AN-012,Synthetic data exfiltration event; review endpoint telemetry.
INC-00691,2026-07-15,2026-07-15,6,Jul,Wednesday,Phishing,Medium,0.35,EDR,Database Server,Finance,Exposed Service,Privilege Escalation,Credential leak indicator,57,Germany,Europe,False Positive,39,1,0.0,19,False,AN-005,Synthetic phishing event; review indicator context.
INC-00692,2026-07-15,2026-07-15,22,Jul,Wednesday,Brute Force,Low,0.09,Cloud Security,Payment API,Sales,Exposed Service,Defense Evasion,Known malicious IP,78,India,Asia,Blocked,25,2,0.0,24,True,AN-012,Synthetic brute force event; review email evidence.
INC-00693,2026-07-15,2026-07-15,22,Jul,Wednesday,Data Exfiltration,Medium,0.28,Cloud Security,Email Gateway,Engineering,Misconfiguration,Command and Control,Vulnerability advisory,61,United States,North America,Blocked,25,4,0.16,14,True,AN-015,Synthetic data exfiltration event; review email evidence.
INC-00694,2026-07-16,2026-07-16,1,Jul,Thursday,Phishing,High,0.65,Web Application Firewall,Email Gateway,Finance,Stolen Credentials,Initial Access,Known malicious IP,75,Canada,North America,Blocked,25,5,0.0,1,True,AN-003,Synthetic phishing event; review identity activity.
INC-00695,2026-07-16,2026-07-16,3,Jul,Thursday,Brute Force,Low,0.13,Email Security,File Server,Research,Unusual Network Traffic,Defense Evasion,No external match,60,United Kingdom,Europe,False Positive,61,0,0.0,24,False,AN-007,Synthetic brute force event; review indicator context.
INC-00696,2026-07-16,2026-07-16,13,Jul,Thursday,Brute Force,Low,0.11,EDR,Domain Controller,Finance,Email Attachment,Discovery,Suspicious domain,55,United Kingdom,Europe,Blocked,25,0,0.0,11,True,AN-005,Synthetic brute force event; review email evidence.
INC-00697,2026-07-17,2026-07-17,3,Jul,Friday,Malware,Low,0.14,IDS/IPS,Endpoint Workstation,Research,Malicious Link,Privilege Escalation,No external match,63,India,Asia,Contained,31,1,0.03,12,False,AN-010,Synthetic malware event; review identity activity.
INC-00698,2026-07-17,2026-07-17,10,Jul,Friday,Ransomware,Low,0.19,SIEM,Database Server,Finance,Unusual Network Traffic,Initial Access,No external match,13,Australia,Oceania,Blocked,25,2,0.0,7,False,AN-005,Synthetic ransomware event; review identity activity.
INC-00699,2026-07-18,2026-07-18,12,Jul,Saturday,DDoS,Low,0.14,Cloud Security,Payment API,Operations,USB Device,Impact,Botnet indicator,86,United States,North America,Blocked,25,2,0.0,13,True,AN-011,Synthetic ddos event; review email evidence.
INC-00700,2026-07-18,2026-07-18,16,Jul,Saturday,Command and Control,High,0.52,Firewall,VPN Gateway,IT,Malicious Link,Initial Access,Malware hash,67,Australia,Oceania,Investigating,78,6,0.0,10,True,AN-003,Synthetic command and control event; review indicator context.
INC-00701,2026-07-18,2026-07-18,18,Jul,Saturday,Insider Threat,High,0.65,EDR,Payment API,IT,Stolen Credentials,Collection,Credential leak indicator,96,Brazil,South America,Resolved,89,7,0.01,19,True,AN-013,Synthetic insider threat event; review email evidence.
INC-00702,2026-07-20,2026-07-20,7,Jul,Monday,Malware,Low,0.2,Web Application Firewall,Payment API,HR,Exposed Service,Initial Access,Vulnerability advisory,63,India,Asia,Resolved,31,0,0.0,7,True,AN-009,Synthetic malware event; review endpoint telemetry.
INC-00703,2026-07-20,2026-07-20,17,Jul,Monday,Malware,Low,0.12,Cloud Security,Database Server,IT,USB Device,Persistence,Known malicious IP,79,Australia,Oceania,Blocked,25,1,0.0,14,True,AN-001,Synthetic malware event; review indicator context.
INC-00704,2026-07-20,2026-07-20,18,Jul,Monday,Brute Force,Low,0.15,Identity Provider,Employee Laptop,IT,Email Attachment,Privilege Escalation,Malware hash,86,Singapore,Asia,Contained,35,2,0.0,2,True,AN-006,Synthetic brute force event; review indicator context.
INC-00705,2026-07-20,2026-07-20,21,Jul,Monday,Suspicious Login,Low,0.2,Identity Provider,Cloud Workload,Finance,Email Attachment,Collection,No external match,64,Canada,North America,Investigating,147,2,0.0,22,False,AN-002,Synthetic suspicious login event; review identity activity.
INC-00706,2026-07-20,2026-07-20,23,Jul,Monday,Suspicious Login,Low,0.1,Identity Provider,Endpoint Workstation,Sales,USB Device,Persistence,Botnet indicator,73,United States,North America,Blocked,3,0,0.0,8,True,AN-005,Synthetic suspicious login event; review network logs.
INC-00707,2026-07-21,2026-07-21,10,Jul,Tuesday,Phishing,Low,0.2,SIEM,VPN Gateway,Engineering,Email Attachment,Defense Evasion,Botnet indicator,67,United States,North America,Escalated,79,2,0.0,16,True,AN-001,Synthetic phishing event; review email evidence.
INC-00708,2026-07-21,2026-07-21,13,Jul,Tuesday,Suspicious Login,Low,0.21,EDR,Web Server,HR,Exposed Service,Discovery,Vulnerability advisory,47,India,Asia,Resolved,58,2,0.01,12,True,AN-006,Synthetic suspicious login event; review indicator context.
INC-00709,2026-07-21,2026-07-21,22,Jul,Tuesday,Data Exfiltration,High,0.72,Cloud Security,Database Server,Finance,Email Attachment,Impact,Phishing domain,59,India,Asia,Contained,159,6,0.77,28,True,AN-009,Synthetic data exfiltration event; review email evidence.
INC-00710,2026-07-22,2026-07-22,1,Jul,Wednesday,Phishing,High,0.61,Cloud Security,Cloud Workload,Customer Support,Misconfiguration,Collection,Known malicious IP,69,Japan,Asia,Resolved,45,5,0.0,47,True,AN-003,Synthetic phishing event; review network logs.
INC-00711,2026-07-22,2026-07-22,2,Jul,Wednesday,Command and Control,Medium,0.44,IDS/IPS,File Server,Sales,Third-Party Access,Privilege Escalation,Suspicious domain,59,United States,North America,False Positive,46,2,0.01,21,False,AN-006,Synthetic command and control event; review email evidence.
INC-00712,2026-07-22,2026-07-22,6,Jul,Wednesday,Phishing,Critical,0.94,Web Application Firewall,Database Server,HR,Misconfiguration,Collection,Phishing domain,81,India,Asia,Blocked,25,9,0.0,46,True,AN-012,Synthetic phishing event; review indicator context.
INC-00713,2026-07-22,2026-07-22,7,Jul,Wednesday,Phishing,High,0.52,Email Security,Email Gateway,Finance,USB Device,Exfiltration,Known malicious IP,60,Japan,Asia,Blocked,25,6,0.0,6,True,AN-013,Synthetic phishing event; review network logs.
INC-00714,2026-07-22,2026-07-22,12,Jul,Wednesday,Phishing,Medium,0.26,Web Application Firewall,File Server,Finance,Exposed Service,Defense Evasion,Phishing domain,90,India,Asia,Resolved,111,4,0.0,17,True,AN-009,Synthetic phishing event; review identity activity.
INC-00715,2026-07-22,2026-07-22,13,Jul,Wednesday,Phishing,Medium,0.28,IDS/IPS,Web Server,Engineering,Malicious Link,Lateral Movement,Known malicious IP,50,United Kingdom,Europe,Investigating,43,4,0.0,5,True,AN-003,Synthetic phishing event; review endpoint telemetry.
INC-00716,2026-07-23,2026-07-23,4,Jul,Thursday,Data Exfiltration,Medium,0.31,Cloud Security,Web Server,Operations,Third-Party Access,Impact,Credential leak indicator,77,United States,North America,Investigating,23,4,0.5,19,True,AN-001,Synthetic data exfiltration event; review network logs.
INC-00717,2026-07-23,2026-07-23,13,Jul,Thursday,Suspicious Login,Medium,0.32,Identity Provider,Cloud Workload,IT,Misconfiguration,Persistence,Botnet indicator,67,Singapore,Asia,Resolved,66,3,0.0,10,True,AN-005,Synthetic suspicious login event; review indicator context.
INC-00718,2026-07-23,2026-07-23,18,Jul,Thursday,Brute Force,Medium,0.31,IDS/IPS,Endpoint Workstation,Customer Support,Malicious Link,Initial Access,Suspicious domain,55,United States,North America,False Positive,27,2,0.0,18,False,AN-003,Synthetic brute force event; review indicator context.
INC-00719,2026-07-24,2026-07-24,1,Jul,Friday,Data Exfiltration,Low,0.12,EDR,Domain Controller,Operations,Email Attachment,Discovery,Botnet indicator,47,Brazil,South America,Investigating,80,2,0.62,15,True,AN-002,Synthetic data exfiltration event; review endpoint telemetry.
INC-00720,2026-07-24,2026-07-24,7,Jul,Friday,Malware,Medium,0.38,EDR,Employee Laptop,IT,Misconfiguration,Discovery,No external match,49,India,Asia,Contained,100,4,0.0,15,False,AN-004,Synthetic malware event; review endpoint telemetry.
INC-00721,2026-07-24,2026-07-24,11,Jul,Friday,Brute Force,Low,0.09,Web Application Firewall,Employee Laptop,Sales,Malicious Link,Exfiltration,No external match,59,Singapore,Asia,Resolved,16,2,0.0,22,False,AN-006,Synthetic brute force event; review indicator context.
INC-00722,2026-07-24,2026-07-24,13,Jul,Friday,Command and Control,Medium,0.33,EDR,Web Server,Customer Support,Unusual Network Traffic,Command and Control,No external match,27,United States,North America,Contained,80,1,0.0,14,False,AN-007,Synthetic command and control event; review identity activity.
INC-00723,2026-07-25,2026-07-25,16,Jul,Saturday,Brute Force,Medium,0.47,Email Security,Employee Laptop,Sales,Vulnerable Application,Initial Access,Known malicious IP,69,United States,North America,Investigating,80,1,0.0,15,True,AN-004,Synthetic brute force event; review identity activity.
INC-00724,2026-07-25,2026-07-25,18,Jul,Saturday,Ransomware,Medium,0.31,Web Application Firewall,VPN Gateway,IT,Vulnerable Application,Credential Access,Suspicious domain,97,India,Asia,Blocked,25,3,0.01,16,True,AN-006,Synthetic ransomware event; review indicator context.
INC-00725,2026-07-26,2026-07-26,0,Jul,Sunday,Suspicious Login,Medium,0.3,Firewall,Endpoint Workstation,Finance,Misconfiguration,Privilege Escalation,Botnet indicator,51,India,Asia,Resolved,59,1,0.01,12,True,AN-012,Synthetic suspicious login event; review email evidence.
INC-00726,2026-07-26,2026-07-26,2,Jul,Sunday,Suspicious Login,High,0.7,EDR,File Server,IT,Misconfiguration,Command and Control,No external match,63,Singapore,Asia,Investigating,88,7,0.03,47,False,AN-005,Synthetic suspicious login event; review identity activity.
INC-00727,2026-07-26,2026-07-26,6,Jul,Sunday,Brute Force,Low,0.09,SIEM,Endpoint Workstation,IT,Email Attachment,Execution,Phishing domain,96,Australia,Oceania,Contained,42,0,0.0,23,True,AN-004,Synthetic brute force event; review email evidence.
INC-00728,2026-07-26,2026-07-26,6,Jul,Sunday,Web Attack,Medium,0.29,IDS/IPS,Cloud Workload,Engineering,Misconfiguration,Exfiltration,Suspicious domain,92,United Kingdom,Europe,Escalated,66,3,0.0,19,True,AN-006,Synthetic web attack event; review network logs.
INC-00729,2026-07-26,2026-07-26,8,Jul,Sunday,Malware,Low,0.09,Email Security,Cloud Workload,Research,Third-Party Access,Command and Control,Credential leak indicator,88,United States,North America,Contained,67,1,0.01,1,True,AN-013,Synthetic malware event; review email evidence.
INC-00730,2026-07-26,2026-07-26,8,Jul,Sunday,Brute Force,Medium,0.37,Email Security,Database Server,Research,USB Device,Persistence,Suspicious domain,82,Australia,Oceania,Blocked,25,1,0.0,1,True,AN-003,Synthetic brute force event; review indicator context.
INC-00731,2026-07-26,2026-07-26,11,Jul,Sunday,Data Exfiltration,Medium,0.37,IDS/IPS,Web Server,Finance,Stolen Credentials,Lateral Movement,Known malicious IP,59,Germany,Europe,Escalated,25,4,0.26,14,True,AN-012,Synthetic data exfiltration event; review email evidence.
INC-00732,2026-07-26,2026-07-26,16,Jul,Sunday,Phishing,Low,0.13,SIEM,Endpoint Workstation,Research,USB Device,Initial Access,Vulnerability advisory,60,United States,North America,Escalated,111,0,0.0,10,True,AN-001,Synthetic phishing event; review identity activity.
INC-00733,2026-07-26,2026-07-26,16,Jul,Sunday,Web Attack,High,0.74,Cloud Security,File Server,Customer Support,Third-Party Access,Exfiltration,Vulnerability advisory,99,United States,North America,Escalated,116,7,0.0,57,True,AN-003,Synthetic web attack event; review email evidence.
INC-00734,2026-07-26,2026-07-26,17,Jul,Sunday,Suspicious Login,Medium,0.41,Identity Provider,File Server,Operations,Stolen Credentials,Exfiltration,No external match,58,Canada,North America,Resolved,36,2,0.0,18,False,AN-004,Synthetic suspicious login event; review network logs.
INC-00735,2026-07-26,2026-07-26,21,Jul,Sunday,Phishing,Medium,0.28,EDR,Cloud Workload,Research,Exposed Service,Impact,Botnet indicator,63,India,Asia,Investigating,49,3,0.01,19,True,AN-010,Synthetic phishing event; review network logs.
INC-00736,2026-07-26,2026-07-26,22,Jul,Sunday,Phishing,Low,0.19,Identity Provider,VPN Gateway,Finance,Exposed Service,Exfiltration,Malware hash,51,United Kingdom,Europe,Blocked,25,2,0.0,19,True,AN-011,Synthetic phishing event; review endpoint telemetry.
INC-00737,2026-07-28,2026-07-28,3,Jul,Tuesday,Malware,Critical,0.85,SIEM,Cloud Workload,Finance,Misconfiguration,Privilege Escalation,Botnet indicator,47,India,Asia,Blocked,25,8,0.0,19,True,AN-002,Synthetic malware event; review network logs.
INC-00738,2026-07-28,2026-07-28,12,Jul,Tuesday,Web Attack,Critical,0.92,IDS/IPS,Endpoint Workstation,Research,Misconfiguration,Lateral Movement,No external match,13,United States,North America,Investigating,276,8,0.0,23,False,AN-014,Synthetic web attack event; review indicator context.
INC-00739,2026-07-28,2026-07-28,15,Jul,Tuesday,Phishing,Critical,0.82,IDS/IPS,Cloud Workload,IT,Exposed Service,Command and Control,Known malicious IP,72,India,Asia,Investigating,126,6,0.0,3,True,AN-014,Synthetic phishing event; review network logs.
INC-00740,2026-07-28,2026-07-28,21,Jul,Tuesday,Brute Force,Low,0.12,Email Security,Web Server,Operations,Unusual Network Traffic,Credential Access,Suspicious domain,71,United States,North America,Blocked,25,1,0.0,19,True,AN-003,Synthetic brute force event; review indicator context.
INC-00741,2026-07-29,2026-07-29,2,Jul,Wednesday,DDoS,Medium,0.45,Cloud Security,Cloud Workload,Engineering,Vulnerable Application,Defense Evasion,Known malicious IP,49,United Kingdom,Europe,Resolved,53,4,0.0,15,True,AN-009,Synthetic ddos event; review network logs.
INC-00742,2026-07-29,2026-07-29,2,Jul,Wednesday,Malware,Medium,0.26,EDR,Domain Controller,Finance,Vulnerable Application,Defense Evasion,Known malicious IP,66,United States,North America,Escalated,34,4,0.0,20,True,AN-002,Synthetic malware event; review endpoint telemetry.
INC-00743,2026-07-29,2026-07-29,14,Jul,Wednesday,Command and Control,Medium,0.26,IDS/IPS,Email Gateway,Research,Malicious Link,Execution,No external match,42,India,Asia,Resolved,33,2,0.0,13,False,AN-006,Synthetic command and control event; review network logs.
INC-00744,2026-07-29,2026-07-29,16,Jul,Wednesday,Suspicious Login,High,0.58,Email Security,Email Gateway,HR,Stolen Credentials,Defense Evasion,Phishing domain,78,Netherlands,Europe,Resolved,84,3,0.0,32,True,AN-004,Synthetic suspicious login event; review endpoint telemetry.
INC-00745,2026-07-29,2026-07-29,20,Jul,Wednesday,Web Attack,Medium,0.25,EDR,Email Gateway,HR,Email Attachment,Initial Access,Vulnerability advisory,46,Germany,Europe,Blocked,25,3,0.0,19,True,AN-007,Synthetic web attack event; review indicator context.
INC-00746,2026-07-30,2026-07-30,22,Jul,Thursday,Ransomware,High,0.53,IDS/IPS,File Server,Finance,USB Device,Command and Control,No external match,31,United States,North America,Contained,45,4,0.0,20,False,AN-003,Synthetic ransomware event; review identity activity.
INC-00747,2026-08-01,2026-08-01,2,Aug,Saturday,DDoS,Low,0.2,Identity Provider,Cloud Workload,Operations,Unusual Network Traffic,Lateral Movement,No external match,47,India,Asia,Contained,28,0,0.0,23,False,AN-013,Synthetic ddos event; review indicator context.
INC-00748,2026-08-01,2026-08-01,6,Aug,Saturday,Brute Force,Medium,0.23,Cloud Security,Web Server,HR,USB Device,Initial Access,Vulnerability advisory,90,Australia,Oceania,Blocked,25,2,0.0,18,True,AN-008,Synthetic brute force event; review indicator context.
INC-00749,2026-08-01,2026-08-01,9,Aug,Saturday,Ransomware,Critical,0.78,Email Security,Domain Controller,Sales,Email Attachment,Privilege Escalation,Credential leak indicator,54,India,Asia,Resolved,185,10,0.0,17,True,AN-009,Synthetic ransomware event; review indicator context.
INC-00750,2026-08-01,2026-08-01,18,Aug,Saturday,Web Attack,Medium,0.33,SIEM,Employee Laptop,Operations,Malicious Link,Execution,Malware hash,79,United States,North America,Contained,112,3,0.04,4,True,AN-005,Synthetic web attack event; review indicator context.
INC-00751,2026-08-02,2026-08-02,2,Aug,Sunday,Malware,Medium,0.26,Identity Provider,Database Server,Customer Support,Misconfiguration,Impact,No external match,24,United States,North America,Blocked,25,2,0.0,7,False,AN-008,Synthetic malware event; review indicator context.
INC-00752,2026-08-02,2026-08-02,12,Aug,Sunday,Brute Force,Medium,0.31,IDS/IPS,Database Server,HR,Third-Party Access,Exfiltration,Malware hash,72,India,Asia,Resolved,45,4,0.0,17,True,AN-006,Synthetic brute force event; review identity activity.
INC-00753,2026-08-02,2026-08-02,21,Aug,Sunday,Suspicious Login,Medium,0.4,SIEM,Endpoint Workstation,IT,Exposed Service,Command and Control,No external match,43,India,Asia,Blocked,25,4,0.0,20,False,AN-014,Synthetic suspicious login event; review endpoint telemetry.
INC-00754,2026-08-02,2026-08-02,23,Aug,Sunday,Suspicious Login,Low,0.22,IDS/IPS,VPN Gateway,Customer Support,Stolen Credentials,Discovery,Vulnerability advisory,75,Singapore,Asia,Blocked,25,2,0.0,3,True,AN-014,Synthetic suspicious login event; review indicator context.
INC-00755,2026-08-03,2026-08-03,4,Aug,Monday,Malware,High,0.49,SIEM,Database Server,Customer Support,USB Device,Execution,Botnet indicator,66,Netherlands,Europe,Resolved,86,6,0.0,12,True,AN-008,Synthetic malware event; review identity activity.
INC-00756,2026-08-03,2026-08-03,5,Aug,Monday,Web Attack,Low,0.1,Web Application Firewall,Endpoint Workstation,Sales,Email Attachment,Impact,Suspicious domain,96,India,Asia,Blocked,25,0,0.0,23,True,AN-011,Synthetic web attack event; review email evidence.
INC-00757,2026-08-03,2026-08-03,12,Aug,Monday,Phishing,Low,0.17,Cloud Security,Cloud Workload,Sales,Misconfiguration,Command and Control,Credential leak indicator,54,United Kingdom,Europe,Resolved,26,1,0.01,23,True,AN-001,Synthetic phishing event; review network logs.
INC-00758,2026-08-03,2026-08-03,13,Aug,Monday,Brute Force,Low,0.1,Firewall,File Server,Sales,Misconfiguration,Privilege Escalation,Malware hash,90,Canada,North America,Contained,58,0,0.01,5,True,AN-001,Synthetic brute force event; review network logs.
INC-00759,2026-08-03,2026-08-03,23,Aug,Monday,Data Exfiltration,Medium,0.32,SIEM,Web Server,Engineering,USB Device,Execution,Malware hash,99,United Kingdom,Europe,Contained,15,2,0.01,13,True,AN-004,Synthetic data exfiltration event; review identity activity.
INC-00760,2026-08-04,2026-08-04,5,Aug,Tuesday,Suspicious Login,Low,0.17,Identity Provider,File Server,Engineering,Email Attachment,Lateral Movement,Botnet indicator,84,United States,North America,Blocked,7,1,0.02,22,True,AN-009,Synthetic suspicious login event; review email evidence.
INC-00761,2026-08-04,2026-08-04,16,Aug,Tuesday,Phishing,Medium,0.26,Web Application Firewall,Employee Laptop,Finance,Third-Party Access,Command and Control,Malware hash,70,Netherlands,Europe,Blocked,25,2,0.0,8,True,AN-015,Synthetic phishing event; review endpoint telemetry.
INC-00762,2026-08-04,2026-08-04,16,Aug,Tuesday,Ransomware,Medium,0.26,Cloud Security,Web Server,Operations,Email Attachment,Lateral Movement,Phishing domain,57,Japan,Asia,False Positive,33,1,0.0,5,False,AN-004,Synthetic ransomware event; review indicator context.
INC-00763,2026-08-05,2026-08-05,0,Aug,Wednesday,Suspicious Login,Low,0.2,Email Security,Domain Controller,Sales,Misconfiguration,Exfiltration,Phishing domain,58,United States,North America,Resolved,34,2,0.0,15,True,AN-006,Synthetic suspicious login event; review endpoint telemetry.
INC-00764,2026-08-05,2026-08-05,3,Aug,Wednesday,Malware,High,0.5,Cloud Security,File Server,Research,Vulnerable Application,Discovery,Malware hash,88,United States,North America,Blocked,25,6,0.0,34,True,AN-015,Synthetic malware event; review endpoint telemetry.
INC-00765,2026-08-05,2026-08-05,4,Aug,Wednesday,Suspicious Login,Medium,0.37,SIEM,File Server,HR,Stolen Credentials,Privilege Escalation,Credential leak indicator,76,Australia,Oceania,False Positive,49,4,0.0,24,False,AN-008,Synthetic suspicious login event; review indicator context.
INC-00766,2026-08-05,2026-08-05,16,Aug,Wednesday,Ransomware,Low,0.08,EDR,VPN Gateway,Research,Email Attachment,Exfiltration,Vulnerability advisory,51,Netherlands,Europe,Escalated,74,0,0.0,1,True,AN-013,Synthetic ransomware event; review network logs.
INC-00767,2026-08-05,2026-08-05,19,Aug,Wednesday,Ransomware,Medium,0.44,Firewall,Cloud Workload,Sales,Misconfiguration,Collection,Botnet indicator,68,United States,North America,Blocked,25,3,0.01,11,True,AN-011,Synthetic ransomware event; review identity activity.
INC-00768,2026-08-06,2026-08-06,11,Aug,Thursday,Brute Force,High,0.55,Firewall,Email Gateway,HR,Malicious Link,Privilege Escalation,Vulnerability advisory,49,Australia,Oceania,Blocked,25,3,0.0,16,True,AN-012,Synthetic brute force event; review endpoint telemetry.
INC-00769,2026-08-06,2026-08-06,16,Aug,Thursday,Phishing,High,0.54,Cloud Security,Payment API,IT,Vulnerable Application,Exfiltration,No external match,62,India,Asia,Investigating,111,6,0.0,46,False,AN-009,Synthetic phishing event; review email evidence.
INC-00770,2026-08-06,2026-08-06,20,Aug,Thursday,Web Attack,Low,0.14,IDS/IPS,Database Server,Research,Exposed Service,Discovery,Botnet indicator,80,India,Asia,Blocked,25,1,0.01,6,True,AN-014,Synthetic web attack event; review identity activity.
INC-00771,2026-08-06,2026-08-06,22,Aug,Thursday,Web Attack,Low,0.11,Firewall,Web Server,Customer Support,Misconfiguration,Discovery,Phishing domain,71,Germany,Europe,Blocked,25,0,0.0,12,True,AN-012,Synthetic web attack event; review email evidence.
INC-00772,2026-08-07,2026-08-07,1,Aug,Friday,Phishing,Medium,0.25,Cloud Security,Endpoint Workstation,Customer Support,Malicious Link,Impact,Known malicious IP,53,United States,North America,Investigating,112,2,0.01,5,True,AN-009,Synthetic phishing event; review network logs.
INC-00773,2026-08-07,2026-08-07,2,Aug,Friday,Phishing,Medium,0.34,Email Security,Database Server,Operations,Stolen Credentials,Exfiltration,Known malicious IP,72,Japan,Asia,Contained,103,3,0.0,11,True,AN-013,Synthetic phishing event; review endpoint telemetry.
INC-00774,2026-08-07,2026-08-07,6,Aug,Friday,DDoS,Low,0.13,IDS/IPS,Email Gateway,Engineering,Exposed Service,Credential Access,Suspicious domain,49,United States,North America,Investigating,43,0,0.0,9,True,AN-014,Synthetic ddos event; review identity activity.
INC-00775,2026-08-07,2026-08-07,11,Aug,Friday,Phishing,Critical,0.85,Email Security,Cloud Workload,Operations,Vulnerable Application,Credential Access,Phishing domain,84,United States,North America,Contained,196,10,0.0,10,True,AN-015,Synthetic phishing event; review endpoint telemetry.
INC-00776,2026-08-07,2026-08-07,12,Aug,Friday,Phishing,Medium,0.26,EDR,Endpoint Workstation,Research,USB Device,Privilege Escalation,Vulnerability advisory,70,Germany,Europe,Resolved,64,2,0.0,19,True,AN-013,Synthetic phishing event; review endpoint telemetry.
INC-00777,2026-08-07,2026-08-07,14,Aug,Friday,Insider Threat,Medium,0.41,Identity Provider,VPN Gateway,Customer Support,Stolen Credentials,Impact,Phishing domain,96,United States,North America,Resolved,64,4,0.0,4,True,AN-005,Synthetic insider threat event; review endpoint telemetry.
INC-00778,2026-08-07,2026-08-07,18,Aug,Friday,Malware,High,0.54,Identity Provider,Domain Controller,Operations,Vulnerable Application,Privilege Escalation,Vulnerability advisory,60,Brazil,South America,Blocked,25,5,0.01,38,True,AN-005,Synthetic malware event; review email evidence.
INC-00779,2026-08-07,2026-08-07,20,Aug,Friday,Phishing,Medium,0.36,EDR,Domain Controller,Sales,Vulnerable Application,Discovery,Credential leak indicator,82,United States,North America,Resolved,36,4,0.0,1,True,AN-008,Synthetic phishing event; review identity activity.
INC-00780,2026-08-08,2026-08-08,3,Aug,Saturday,Phishing,Medium,0.3,Firewall,Web Server,HR,Unusual Network Traffic,Execution,Vulnerability advisory,68,United States,North America,False Positive,65,1,0.0,7,False,AN-001,Synthetic phishing event; review network logs.
INC-00781,2026-08-08,2026-08-08,3,Aug,Saturday,Insider Threat,Low,0.18,Cloud Security,Email Gateway,Operations,Stolen Credentials,Impact,Known malicious IP,77,India,Asia,Escalated,22,0,0.01,19,True,AN-005,Synthetic insider threat event; review network logs.
INC-00782,2026-08-08,2026-08-08,11,Aug,Saturday,Phishing,Low,0.16,Web Application Firewall,Web Server,IT,Malicious Link,Execution,Known malicious IP,98,India,Asia,Blocked,25,2,0.01,12,True,AN-010,Synthetic phishing event; review identity activity.
INC-00783,2026-08-08,2026-08-08,13,Aug,Saturday,Ransomware,Medium,0.26,Identity Provider,File Server,Engineering,Email Attachment,Discovery,Vulnerability advisory,94,United States,North America,Investigating,20,3,0.01,12,True,AN-011,Synthetic ransomware event; review endpoint telemetry.
INC-00784,2026-08-08,2026-08-08,13,Aug,Saturday,Data Exfiltration,Medium,0.32,Cloud Security,Web Server,Sales,Exposed Service,Initial Access,Suspicious domain,57,India,Asia,Blocked,25,1,0.26,13,True,AN-014,Synthetic data exfiltration event; review identity activity.
INC-00785,2026-08-08,2026-08-08,17,Aug,Saturday,Phishing,Medium,0.28,Cloud Security,Database Server,Research,Unusual Network Traffic,Execution,Botnet indicator,96,India,Asia,Blocked,25,1,0.01,10,True,AN-004,Synthetic phishing event; review identity activity.
INC-00786,2026-08-08,2026-08-08,23,Aug,Saturday,Phishing,High,0.78,Identity Provider,Employee Laptop,Customer Support,USB Device,Command and Control,No external match,21,Japan,Asia,Contained,61,3,0.0,22,False,AN-012,Synthetic phishing event; review network logs.
INC-00787,2026-08-09,2026-08-09,1,Aug,Sunday,Malware,Medium,0.46,Identity Provider,VPN Gateway,Engineering,USB Device,Credential Access,Malware hash,69,Germany,Europe,Blocked,25,1,0.0,20,True,AN-011,Synthetic malware event; review email evidence.
INC-00788,2026-08-09,2026-08-09,2,Aug,Sunday,Phishing,Low,0.1,Web Application Firewall,Database Server,HR,Email Attachment,Privilege Escalation,Known malicious IP,46,Germany,Europe,Blocked,21,1,0.01,12,True,AN-010,Synthetic phishing event; review identity activity.
INC-00789,2026-08-09,2026-08-09,7,Aug,Sunday,DDoS,Low,0.18,SIEM,Web Server,Operations,Third-Party Access,Initial Access,Credential leak indicator,86,United Kingdom,Europe,Investigating,28,2,0.0,22,True,AN-003,Synthetic ddos event; review endpoint telemetry.
INC-00790,2026-08-09,2026-08-09,8,Aug,Sunday,DDoS,High,0.49,SIEM,File Server,Engineering,Third-Party Access,Exfiltration,No external match,44,Singapore,Asia,Escalated,68,3,0.02,19,False,AN-009,Synthetic ddos event; review identity activity.
INC-00791,2026-08-09,2026-08-09,11,Aug,Sunday,Phishing,Medium,0.23,Cloud Security,VPN Gateway,Customer Support,Third-Party Access,Impact,Known malicious IP,79,India,Asia,Contained,146,2,0.0,11,True,AN-014,Synthetic phishing event; review email evidence.
INC-00792,2026-08-09,2026-08-09,22,Aug,Sunday,Brute Force,High,0.52,SIEM,File Server,Research,Unusual Network Traffic,Initial Access,Botnet indicator,96,United Kingdom,Europe,Blocked,25,3,0.01,27,True,AN-008,Synthetic brute force event; review email evidence.
INC-00793,2026-08-10,2026-08-10,22,Aug,Monday,DDoS,Low,0.11,Web Application Firewall,Email Gateway,Customer Support,Exposed Service,Initial Access,Phishing domain,98,United States,North America,Resolved,71,2,0.0,6,True,AN-002,Synthetic ddos event; review email evidence.
INC-00794,2026-08-10,2026-08-10,23,Aug,Monday,Web Attack,Medium,0.37,Email Security,File Server,Finance,Malicious Link,Collection,Phishing domain,82,India,Asia,Blocked,22,1,0.0,1,True,AN-015,Synthetic web attack event; review identity activity.
INC-00795,2026-08-11,2026-08-11,4,Aug,Tuesday,Suspicious Login,Medium,0.32,Identity Provider,Employee Laptop,HR,Stolen Credentials,Persistence,No external match,13,India,Asia,Resolved,115,3,0.05,24,False,AN-014,Synthetic suspicious login event; review network logs.
INC-00796,2026-08-11,2026-08-11,13,Aug,Tuesday,Phishing,High,0.73,EDR,Domain Controller,Operations,USB Device,Discovery,Phishing domain,88,India,Asia,Investigating,131,5,0.09,62,True,AN-012,Synthetic phishing event; review indicator context.
INC-00797,2026-08-11,2026-08-11,15,Aug,Tuesday,Suspicious Login,High,0.71,Email Security,VPN Gateway,Sales,Third-Party Access,Privilege Escalation,No external match,10,United States,North America,Blocked,25,7,0.0,33,False,AN-010,Synthetic suspicious login event; review email evidence.
INC-00798,2026-08-11,2026-08-11,15,Aug,Tuesday,Phishing,Critical,0.82,Firewall,Cloud Workload,Customer Support,Vulnerable Application,Execution,Suspicious domain,77,Japan,Asia,Blocked,25,9,0.0,64,True,AN-002,Synthetic phishing event; review endpoint telemetry.
INC-00799,2026-08-11,2026-08-11,18,Aug,Tuesday,Suspicious Login,Medium,0.3,Email Security,Email Gateway,HR,Stolen Credentials,Impact,Phishing domain,87,United States,North America,Resolved,50,4,0.0,24,True,AN-006,Synthetic suspicious login event; review endpoint telemetry.
INC-00800,2026-08-12,2026-08-12,2,Aug,Wednesday,Web Attack,Low,0.15,SIEM,Domain Controller,Research,Misconfiguration,Lateral Movement,Vulnerability advisory,53,United States,North America,Blocked,25,0,0.02,18,True,AN-014,Synthetic web attack event; review network logs.
INC-00801,2026-08-12,2026-08-12,2,Aug,Wednesday,Brute Force,Low,0.09,SIEM,Web Server,Sales,Misconfiguration,Persistence,Botnet indicator,53,India,Asia,Contained,25,2,0.0,3,True,AN-002,Synthetic brute force event; review endpoint telemetry.
INC-00802,2026-08-12,2026-08-12,18,Aug,Wednesday,Suspicious Login,Medium,0.32,SIEM,Payment API,Operations,Stolen Credentials,Impact,Phishing domain,68,Netherlands,Europe,Blocked,25,3,0.0,22,True,AN-004,Synthetic suspicious login event; review endpoint telemetry.
INC-00803,2026-08-13,2026-08-13,4,Aug,Thursday,Brute Force,High,0.64,IDS/IPS,File Server,Engineering,USB Device,Command and Control,Malware hash,90,Brazil,South America,Resolved,42,5,0.0,21,True,AN-004,Synthetic brute force event; review email evidence.
INC-00804,2026-08-13,2026-08-13,5,Aug,Thursday,Brute Force,Low,0.18,Email Security,Database Server,Finance,Misconfiguration,Persistence,Known malicious IP,51,United States,North America,Blocked,25,0,0.01,6,True,AN-014,Synthetic brute force event; review endpoint telemetry.
INC-00805,2026-08-13,2026-08-13,6,Aug,Thursday,Malware,Low,0.13,IDS/IPS,Database Server,IT,USB Device,Collection,No external match,37,India,Asia,Blocked,25,2,0.0,10,False,AN-015,Synthetic malware event; review indicator context.
INC-00806,2026-08-13,2026-08-13,9,Aug,Thursday,Command and Control,Medium,0.38,SIEM,VPN Gateway,Sales,Stolen Credentials,Initial Access,Known malicious IP,60,India,Asia,Blocked,25,1,0.0,14,True,AN-005,Synthetic command and control event; review endpoint telemetry.
INC-00807,2026-08-13,2026-08-13,13,Aug,Thursday,Command and Control,Critical,0.9,Email Security,File Server,Finance,Exposed Service,Initial Access,Known malicious IP,85,United States,North America,Blocked,25,9,0.0,46,True,AN-014,Synthetic command and control event; review indicator context.
INC-00808,2026-08-13,2026-08-13,20,Aug,Thursday,Command and Control,High,0.7,Identity Provider,Payment API,HR,USB Device,Discovery,Known malicious IP,85,United States,North America,Contained,65,5,0.01,23,True,AN-007,Synthetic command and control event; review identity activity.
INC-00809,2026-08-14,2026-08-14,3,Aug,Friday,Brute Force,Medium,0.42,Cloud Security,Web Server,HR,Misconfiguration,Collection,Malware hash,45,United Kingdom,Europe,Blocked,25,2,0.01,11,True,AN-013,Synthetic brute force event; review network logs.
INC-00810,2026-08-14,2026-08-14,5,Aug,Friday,Brute Force,High,0.52,Web Application Firewall,Endpoint Workstation,Customer Support,Malicious Link,Credential Access,Suspicious domain,74,India,Asia,Blocked,25,7,0.01,35,True,AN-003,Synthetic brute force event; review endpoint telemetry.
INC-00811,2026-08-14,2026-08-14,5,Aug,Friday,Phishing,Critical,0.98,EDR,VPN Gateway,Research,Email Attachment,Execution,Suspicious domain,54,Singapore,Asia,Investigating,166,9,0.0,25,True,AN-004,Synthetic phishing event; review indicator context.
INC-00812,2026-08-14,2026-08-14,8,Aug,Friday,Malware,High,0.69,SIEM,Domain Controller,HR,Vulnerable Application,Credential Access,Phishing domain,53,India,Asia,Resolved,66,7,0.0,26,True,AN-004,Synthetic malware event; review identity activity.
INC-00813,2026-08-14,2026-08-14,8,Aug,Friday,Brute Force,High,0.72,Cloud Security,Domain Controller,Finance,Misconfiguration,Privilege Escalation,Phishing domain,49,United States,North America,False Positive,105,4,0.0,6,False,AN-008,Synthetic brute force event; review identity activity.
INC-00814,2026-08-15,2026-08-15,3,Aug,Saturday,Data Exfiltration,Critical,0.81,SIEM,File Server,IT,Malicious Link,Collection,Botnet indicator,57,United Kingdom,Europe,Blocked,25,7,0.22,12,True,AN-002,Synthetic data exfiltration event; review network logs.
INC-00815,2026-08-15,2026-08-15,7,Aug,Saturday,Malware,Low,0.11,EDR,Database Server,Operations,Third-Party Access,Exfiltration,No external match,34,India,Asia,Resolved,68,2,0.02,4,False,AN-001,Synthetic malware event; review network logs.
INC-00816,2026-08-15,2026-08-15,7,Aug,Saturday,Brute Force,Low,0.14,SIEM,Payment API,Finance,Malicious Link,Impact,Malware hash,64,United States,North America,False Positive,38,1,0.02,23,False,AN-010,Synthetic brute force event; review network logs.
INC-00817,2026-08-15,2026-08-15,8,Aug,Saturday,DDoS,Medium,0.35,Cloud Security,Domain Controller,Operations,Vulnerable Application,Discovery,Phishing domain,50,Singapore,Asia,Resolved,13,2,0.0,18,True,AN-011,Synthetic ddos event; review network logs.
INC-00818,2026-08-15,2026-08-15,10,Aug,Saturday,Malware,High,0.54,Cloud Security,File Server,Finance,Third-Party Access,Initial Access,Malware hash,99,Singapore,Asia,Blocked,25,4,0.0,15,True,AN-008,Synthetic malware event; review email evidence.
INC-00819,2026-08-16,2026-08-16,17,Aug,Sunday,Malware,Low,0.19,Firewall,Endpoint Workstation,Finance,USB Device,Persistence,No external match,19,United States,North America,Blocked,25,1,0.0,13,False,AN-006,Synthetic malware event; review identity activity.
INC-00820,2026-08-16,2026-08-16,22,Aug,Sunday,Brute Force,Medium,0.38,Email Security,VPN Gateway,Sales,Third-Party Access,Initial Access,No external match,22,United States,North America,Resolved,71,3,0.01,8,False,AN-006,Synthetic brute force event; review network logs.
INC-00821,2026-08-17,2026-08-17,15,Aug,Monday,Command and Control,Medium,0.22,SIEM,Email Gateway,IT,Third-Party Access,Privilege Escalation,Credential leak indicator,59,India,Asia,Escalated,74,4,0.0,20,True,AN-007,Synthetic command and control event; review endpoint telemetry.
INC-00822,2026-08-17,2026-08-17,19,Aug,Monday,Ransomware,Medium,0.39,Email Security,Database Server,Sales,Unusual Network Traffic,Credential Access,Known malicious IP,96,Netherlands,Europe,Escalated,65,3,0.0,17,True,AN-008,Synthetic ransomware event; review indicator context.
INC-00823,2026-08-18,2026-08-18,13,Aug,Tuesday,Phishing,High,0.53,Cloud Security,Web Server,Engineering,Email Attachment,Impact,No external match,22,United States,North America,Contained,89,7,0.0,27,False,AN-004,Synthetic phishing event; review email evidence.
INC-00824,2026-08-18,2026-08-18,14,Aug,Tuesday,Brute Force,Medium,0.29,Identity Provider,Web Server,HR,Email Attachment,Execution,Known malicious IP,92,United States,North America,Contained,202,4,0.0,2,True,AN-013,Synthetic brute force event; review indicator context.
INC-00825,2026-08-19,2026-08-19,1,Aug,Wednesday,Data Exfiltration,Low,0.2,Email Security,Database Server,Finance,Exposed Service,Execution,No external match,19,Australia,Oceania,Investigating,9,2,1.34,11,False,AN-007,Synthetic data exfiltration event; review network logs.
INC-00826,2026-08-19,2026-08-19,8,Aug,Wednesday,Phishing,Low,0.08,Web Application Firewall,VPN Gateway,Customer Support,Email Attachment,Exfiltration,Known malicious IP,82,Japan,Asia,Contained,18,0,0.0,17,True,AN-006,Synthetic phishing event; review email evidence.
INC-00827,2026-08-19,2026-08-19,21,Aug,Wednesday,Suspicious Login,High,0.54,SIEM,File Server,Sales,Third-Party Access,Credential Access,Botnet indicator,78,Australia,Oceania,False Positive,82,6,0.0,22,False,AN-015,Synthetic suspicious login event; review identity activity.
INC-00828,2026-08-20,2026-08-20,2,Aug,Thursday,Malware,High,0.71,IDS/IPS,Employee Laptop,IT,Misconfiguration,Lateral Movement,Credential leak indicator,56,India,Asia,False Positive,75,6,0.0,12,False,AN-005,Synthetic malware event; review identity activity.
INC-00829,2026-08-20,2026-08-20,6,Aug,Thursday,Data Exfiltration,Low,0.11,Email Security,Endpoint Workstation,Operations,USB Device,Exfiltration,Phishing domain,59,India,Asia,Resolved,34,2,0.19,3,True,AN-015,Synthetic data exfiltration event; review indicator context.
INC-00830,2026-08-20,2026-08-20,7,Aug,Thursday,Command and Control,Medium,0.31,SIEM,Cloud Workload,Customer Support,Exposed Service,Impact,No external match,29,United Kingdom,Europe,Blocked,25,4,0.01,8,False,AN-005,Synthetic command and control event; review endpoint telemetry.
INC-00831,2026-08-20,2026-08-20,8,Aug,Thursday,Malware,Low,0.19,IDS/IPS,VPN Gateway,Customer Support,Malicious Link,Defense Evasion,Known malicious IP,52,United States,North America,False Positive,65,0,0.0,7,False,AN-009,Synthetic malware event; review endpoint telemetry.
INC-00832,2026-08-20,2026-08-20,17,Aug,Thursday,Suspicious Login,Medium,0.25,Identity Provider,Email Gateway,IT,Vulnerable Application,Discovery,Known malicious IP,59,Germany,Europe,Investigating,90,2,0.0,4,True,AN-013,Synthetic suspicious login event; review endpoint telemetry.
INC-00833,2026-08-20,2026-08-20,21,Aug,Thursday,Malware,Medium,0.41,SIEM,Payment API,HR,Third-Party Access,Execution,Malware hash,75,India,Asia,Contained,88,3,0.01,21,True,AN-006,Synthetic malware event; review identity activity.
INC-00834,2026-08-21,2026-08-21,5,Aug,Friday,DDoS,Medium,0.26,Email Security,Cloud Workload,Operations,Email Attachment,Impact,Phishing domain,79,Japan,Asia,Blocked,25,4,0.0,17,True,AN-014,Synthetic ddos event; review email evidence.
INC-00835,2026-08-21,2026-08-21,8,Aug,Friday,Phishing,Medium,0.37,Identity Provider,Database Server,Engineering,Unusual Network Traffic,Persistence,Malware hash,64,India,Asia,Resolved,63,2,0.0,4,True,AN-013,Synthetic phishing event; review endpoint telemetry.
INC-00836,2026-08-21,2026-08-21,16,Aug,Friday,DDoS,Low,0.14,EDR,Endpoint Workstation,Sales,Unusual Network Traffic,Execution,Known malicious IP,50,Germany,Europe,False Positive,36,1,0.01,19,False,AN-007,Synthetic ddos event; review indicator context.
INC-00837,2026-08-21,2026-08-21,17,Aug,Friday,DDoS,Low,0.21,Firewall,Endpoint Workstation,IT,Unusual Network Traffic,Exfiltration,Phishing domain,53,United States,North America,Resolved,35,2,0.02,4,True,AN-015,Synthetic ddos event; review email evidence.
INC-00838,2026-08-22,2026-08-22,0,Aug,Saturday,Phishing,Medium,0.29,Firewall,Domain Controller,IT,Email Attachment,Lateral Movement,No external match,39,Australia,Oceania,Blocked,25,4,0.0,2,False,AN-005,Synthetic phishing event; review identity activity.
INC-00839,2026-08-22,2026-08-22,3,Aug,Saturday,Suspicious Login,Medium,0.39,Email Security,Payment API,Sales,USB Device,Defense Evasion,Credential leak indicator,66,United States,North America,Blocked,25,2,0.0,2,True,AN-015,Synthetic suspicious login event; review email evidence.
INC-00840,2026-08-22,2026-08-22,3,Aug,Saturday,Phishing,Low,0.13,Identity Provider,Employee Laptop,Engineering,Unusual Network Traffic,Discovery,Suspicious domain,88,Singapore,Asia,Investigating,42,2,0.0,16,True,AN-014,Synthetic phishing event; review indicator context.
INC-00841,2026-08-22,2026-08-22,8,Aug,Saturday,Phishing,High,0.62,Web Application Firewall,File Server,Operations,Unusual Network Traffic,Privilege Escalation,Known malicious IP,81,Australia,Oceania,Contained,119,3,0.01,57,True,AN-014,Synthetic phishing event; review endpoint telemetry.
INC-00842,2026-08-22,2026-08-22,10,Aug,Saturday,Web Attack,Medium,0.4,Firewall,File Server,Research,Email Attachment,Privilege Escalation,Vulnerability advisory,78,India,Asia,Blocked,25,4,0.01,15,True,AN-014,Synthetic web attack event; review identity activity.
INC-00843,2026-08-23,2026-08-23,7,Aug,Sunday,Brute Force,Medium,0.45,Identity Provider,VPN Gateway,Finance,Email Attachment,Execution,Phishing domain,61,India,Asia,False Positive,96,4,0.0,8,False,AN-012,Synthetic brute force event; review indicator context.
INC-00844,2026-08-23,2026-08-23,9,Aug,Sunday,Suspicious Login,Low,0.11,Identity Provider,Database Server,Engineering,Malicious Link,Lateral Movement,Malware hash,59,Singapore,Asia,Resolved,7,1,0.0,23,True,AN-005,Synthetic suspicious login event; review network logs.
INC-00845,2026-08-23,2026-08-23,15,Aug,Sunday,Ransomware,Medium,0.25,Cloud Security,VPN Gateway,Research,Exposed Service,Command and Control,Credential leak indicator,47,Germany,Europe,Escalated,43,2,0.0,14,True,AN-004,Synthetic ransomware event; review indicator context.
INC-00846,2026-08-24,2026-08-24,3,Aug,Monday,DDoS,Medium,0.48,Web Application Firewall,Web Server,Research,Misconfiguration,Collection,Malware hash,46,United States,North America,Investigating,51,1,0.04,8,True,AN-005,Synthetic ddos event; review endpoint telemetry.
INC-00847,2026-08-24,2026-08-24,5,Aug,Monday,Suspicious Login,Medium,0.22,Identity Provider,Email Gateway,HR,Unusual Network Traffic,Execution,Known malicious IP,47,India,Asia,Blocked,25,1,0.0,15,True,AN-008,Synthetic suspicious login event; review identity activity.
INC-00848,2026-08-24,2026-08-24,10,Aug,Monday,Brute Force,High,0.5,EDR,Endpoint Workstation,Research,Exposed Service,Persistence,Known malicious IP,66,Japan,Asia,Blocked,25,7,0.01,40,True,AN-003,Synthetic brute force event; review indicator context.
INC-00849,2026-08-24,2026-08-24,10,Aug,Monday,Suspicious Login,Medium,0.28,IDS/IPS,Database Server,Operations,Unusual Network Traffic,Exfiltration,Credential leak indicator,62,Brazil,South America,False Positive,18,3,0.0,10,False,AN-013,Synthetic suspicious login event; review indicator context.
INC-00850,2026-08-24,2026-08-24,16,Aug,Monday,Insider Threat,Medium,0.32,Cloud Security,Cloud Workload,Sales,Malicious Link,Collection,No external match,40,Singapore,Asia,Investigating,29,4,0.0,14,False,AN-014,Synthetic insider threat event; review identity activity.
INC-00851,2026-08-25,2026-08-25,4,Aug,Tuesday,Malware,Medium,0.45,Firewall,Cloud Workload,HR,Exposed Service,Lateral Movement,Suspicious domain,96,United States,North America,False Positive,78,1,0.0,9,False,AN-010,Synthetic malware event; review indicator context.
INC-00852,2026-08-25,2026-08-25,14,Aug,Tuesday,Brute Force,Medium,0.31,Firewall,Web Server,HR,Unusual Network Traffic,Persistence,No external match,30,Japan,Asia,Contained,77,3,0.0,10,False,AN-004,Synthetic brute force event; review email evidence.
INC-00853,2026-08-25,2026-08-25,18,Aug,Tuesday,Data Exfiltration,High,0.48,Cloud Security,Email Gateway,Finance,Unusual Network Traffic,Lateral Movement,Phishing domain,60,Brazil,South America,Investigating,170,7,0.08,17,True,AN-001,Synthetic data exfiltration event; review identity activity.
INC-00854,2026-08-25,2026-08-25,21,Aug,Tuesday,Phishing,Low,0.16,Firewall,File Server,Operations,Email Attachment,Collection,Suspicious domain,46,Australia,Oceania,Blocked,24,1,0.0,17,True,AN-014,Synthetic phishing event; review identity activity.
INC-00855,2026-08-25,2026-08-25,23,Aug,Tuesday,Command and Control,Medium,0.35,EDR,Domain Controller,Customer Support,Malicious Link,Defense Evasion,No external match,16,United Kingdom,Europe,False Positive,66,4,0.0,16,False,AN-010,Synthetic command and control event; review endpoint telemetry.
INC-00856,2026-08-26,2026-08-26,3,Aug,Wednesday,Malware,Low,0.11,Identity Provider,Web Server,Research,Unusual Network Traffic,Initial Access,Botnet indicator,65,United States,North America,False Positive,81,1,0.0,18,False,AN-001,Synthetic malware event; review identity activity.
INC-00857,2026-08-26,2026-08-26,14,Aug,Wednesday,Suspicious Login,High,0.52,Email Security,Web Server,Research,Third-Party Access,Privilege Escalation,Phishing domain,45,India,Asia,False Positive,171,6,0.02,19,False,AN-008,Synthetic suspicious login event; review endpoint telemetry.
INC-00858,2026-08-26,2026-08-26,20,Aug,Wednesday,Brute Force,Medium,0.44,Cloud Security,Payment API,HR,Misconfiguration,Execution,No external match,29,United States,North America,Blocked,25,4,0.01,7,False,AN-009,Synthetic brute force event; review indicator context.
INC-00859,2026-08-26,2026-08-26,22,Aug,Wednesday,Phishing,Low,0.19,Cloud Security,File Server,Finance,Unusual Network Traffic,Command and Control,No external match,29,Singapore,Asia,Blocked,25,1,0.0,14,False,AN-014,Synthetic phishing event; review network logs.
INC-00860,2026-08-27,2026-08-27,3,Aug,Thursday,Suspicious Login,Medium,0.26,Web Application Firewall,Employee Laptop,IT,Third-Party Access,Impact,Botnet indicator,82,United States,North America,Contained,66,3,0.0,10,True,AN-009,Synthetic suspicious login event; review network logs.
INC-00861,2026-08-27,2026-08-27,7,Aug,Thursday,Suspicious Login,Medium,0.31,Email Security,Cloud Workload,Operations,Vulnerable Application,Command and Control,Vulnerability advisory,69,India,Asia,False Positive,61,3,0.0,19,False,AN-011,Synthetic suspicious login event; review indicator context.
INC-00862,2026-08-27,2026-08-27,7,Aug,Thursday,Suspicious Login,Medium,0.3,IDS/IPS,Database Server,Engineering,Vulnerable Application,Impact,No external match,51,Germany,Europe,False Positive,112,4,0.0,22,False,AN-012,Synthetic suspicious login event; review identity activity.
INC-00863,2026-08-27,2026-08-27,22,Aug,Thursday,Phishing,Medium,0.4,Web Application Firewall,VPN Gateway,Sales,USB Device,Command and Control,Vulnerability advisory,98,India,Asia,Resolved,24,4,0.0,9,True,AN-010,Synthetic phishing event; review email evidence.
INC-00864,2026-08-28,2026-08-28,4,Aug,Friday,Phishing,Medium,0.42,EDR,Email Gateway,Finance,USB Device,Exfiltration,Vulnerability advisory,97,Netherlands,Europe,Blocked,25,3,0.01,20,True,AN-002,Synthetic phishing event; review endpoint telemetry.
INC-00865,2026-08-28,2026-08-28,5,Aug,Friday,Phishing,Low,0.14,Cloud Security,Email Gateway,Research,Vulnerable Application,Defense Evasion,No external match,27,Australia,Oceania,Blocked,25,0,0.0,12,False,AN-001,Synthetic phishing event; review indicator context.
INC-00866,2026-08-28,2026-08-28,10,Aug,Friday,Suspicious Login,High,0.55,Firewall,Cloud Workload,HR,Unusual Network Traffic,Command and Control,Phishing domain,60,India,Asia,Investigating,190,4,0.0,46,True,AN-005,Synthetic suspicious login event; review identity activity.
INC-00867,2026-08-28,2026-08-28,14,Aug,Friday,Data Exfiltration,Low,0.09,Identity Provider,VPN Gateway,Operations,Third-Party Access,Defense Evasion,No external match,49,Canada,North America,Escalated,27,0,0.38,15,False,AN-005,Synthetic data exfiltration event; review network logs.
INC-00868,2026-08-28,2026-08-28,20,Aug,Friday,Phishing,High,0.69,EDR,Database Server,HR,Vulnerable Application,Persistence,Vulnerability advisory,85,Brazil,South America,Contained,69,5,0.0,16,True,AN-014,Synthetic phishing event; review network logs.
INC-00869,2026-08-29,2026-08-29,2,Aug,Saturday,Web Attack,Medium,0.4,Firewall,Employee Laptop,Research,Vulnerable Application,Command and Control,No external match,29,United States,North America,False Positive,36,4,0.0,19,False,AN-007,Synthetic web attack event; review indicator context.
INC-00870,2026-08-29,2026-08-29,7,Aug,Saturday,Insider Threat,Medium,0.44,Web Application Firewall,Email Gateway,Operations,Vulnerable Application,Discovery,Known malicious IP,51,Canada,North America,Contained,122,2,0.03,10,True,AN-009,Synthetic insider threat event; review network logs.
INC-00871,2026-08-29,2026-08-29,9,Aug,Saturday,Suspicious Login,Medium,0.47,Firewall,VPN Gateway,HR,Vulnerable Application,Credential Access,Malware hash,99,Singapore,Asia,Resolved,32,2,0.01,10,True,AN-009,Synthetic suspicious login event; review network logs.
INC-00872,2026-08-30,2026-08-30,0,Aug,Sunday,Brute Force,Low,0.13,Email Security,Employee Laptop,Engineering,Stolen Credentials,Privilege Escalation,Credential leak indicator,55,Brazil,South America,Contained,45,1,0.0,20,True,AN-001,Synthetic brute force event; review endpoint telemetry.
INC-00873,2026-08-30,2026-08-30,18,Aug,Sunday,Malware,Critical,0.89,Cloud Security,Payment API,Research,Exposed Service,Credential Access,Malware hash,53,India,Asia,Investigating,150,9,0.01,33,True,AN-008,Synthetic malware event; review network logs.
INC-00874,2026-08-31,2026-08-31,0,Aug,Monday,Web Attack,Medium,0.24,IDS/IPS,File Server,Sales,Exposed Service,Initial Access,Credential leak indicator,67,India,Asia,Resolved,50,1,0.0,15,True,AN-006,Synthetic web attack event; review email evidence.
INC-00875,2026-08-31,2026-08-31,21,Aug,Monday,Insider Threat,Medium,0.44,Email Security,Employee Laptop,Finance,Third-Party Access,Lateral Movement,Vulnerability advisory,64,Canada,North America,Investigating,241,3,0.0,1,True,AN-012,Synthetic insider threat event; review network logs.
INC-00876,2026-08-31,2026-08-31,23,Aug,Monday,Web Attack,High,0.59,Email Security,Domain Controller,Customer Support,USB Device,Credential Access,Vulnerability advisory,47,Singapore,Asia,Resolved,77,7,0.0,48,True,AN-015,Synthetic web attack event; review email evidence.
INC-00877,2026-09-02,2026-09-02,8,Sep,Wednesday,Data Exfiltration,Medium,0.38,Firewall,Payment API,Engineering,Misconfiguration,Discovery,No external match,18,Brazil,South America,Blocked,25,4,0.12,24,False,AN-004,Synthetic data exfiltration event; review endpoint telemetry.
INC-00878,2026-09-02,2026-09-02,21,Sep,Wednesday,Brute Force,Medium,0.43,SIEM,Cloud Workload,Sales,Vulnerable Application,Command and Control,Malware hash,95,India,Asia,Investigating,24,4,0.0,21,True,AN-005,Synthetic brute force event; review indicator context.
INC-00879,2026-09-03,2026-09-03,0,Sep,Thursday,Web Attack,High,0.7,Identity Provider,Cloud Workload,Customer Support,Malicious Link,Impact,No external match,63,Netherlands,Europe,Resolved,105,4,0.0,13,False,AN-002,Synthetic web attack event; review email evidence.
INC-00880,2026-09-03,2026-09-03,19,Sep,Thursday,Phishing,Critical,0.79,Identity Provider,Domain Controller,Research,Email Attachment,Defense Evasion,Credential leak indicator,62,Australia,Oceania,Investigating,114,7,0.0,28,True,AN-009,Synthetic phishing event; review endpoint telemetry.
INC-00881,2026-09-04,2026-09-04,4,Sep,Friday,Brute Force,High,0.77,SIEM,Email Gateway,Finance,Misconfiguration,Credential Access,Vulnerability advisory,77,Japan,Asia,Blocked,25,7,0.01,35,True,AN-015,Synthetic brute force event; review identity activity.
INC-00882,2026-09-04,2026-09-04,20,Sep,Friday,Malware,Medium,0.22,EDR,Cloud Workload,IT,Vulnerable Application,Initial Access,Known malicious IP,77,India,Asia,Resolved,121,2,0.0,6,True,AN-015,Synthetic malware event; review identity activity.
INC-00883,2026-09-05,2026-09-05,13,Sep,Saturday,Insider Threat,Low,0.21,Cloud Security,File Server,Engineering,Third-Party Access,Exfiltration,Known malicious IP,67,India,Asia,Contained,22,2,0.01,6,True,AN-013,Synthetic insider threat event; review endpoint telemetry.
INC-00884,2026-09-06,2026-09-06,3,Sep,Sunday,Data Exfiltration,Medium,0.46,Web Application Firewall,Cloud Workload,Finance,Malicious Link,Collection,Malware hash,54,Netherlands,Europe,Escalated,80,4,0.13,18,True,AN-004,Synthetic data exfiltration event; review identity activity.
INC-00885,2026-09-06,2026-09-06,4,Sep,Sunday,DDoS,Medium,0.26,Firewall,Domain Controller,IT,Malicious Link,Discovery,Known malicious IP,54,India,Asia,Contained,25,2,0.0,12,True,AN-015,Synthetic ddos event; review identity activity.
INC-00886,2026-09-06,2026-09-06,14,Sep,Sunday,Insider Threat,Medium,0.29,SIEM,Cloud Workload,Research,Third-Party Access,Credential Access,No external match,11,United Kingdom,Europe,Blocked,25,4,0.01,3,False,AN-005,Synthetic insider threat event; review identity activity.
INC-00887,2026-09-06,2026-09-06,22,Sep,Sunday,DDoS,High,0.67,Web Application Firewall,File Server,Finance,Misconfiguration,Persistence,Phishing domain,87,Germany,Europe,Resolved,41,6,0.0,5,True,AN-010,Synthetic ddos event; review email evidence.
INC-00888,2026-09-07,2026-09-07,10,Sep,Monday,Malware,Low,0.09,IDS/IPS,Database Server,Research,Stolen Credentials,Lateral Movement,Malware hash,61,United States,North America,Resolved,114,0,0.01,1,True,AN-005,Synthetic malware event; review email evidence.
INC-00889,2026-09-07,2026-09-07,16,Sep,Monday,Malware,Critical,0.96,IDS/IPS,Endpoint Workstation,Finance,Third-Party Access,Execution,Known malicious IP,64,Brazil,South America,Investigating,108,6,0.01,13,True,AN-015,Synthetic malware event; review endpoint telemetry.
INC-00890,2026-09-07,2026-09-07,17,Sep,Monday,Web Attack,Low,0.19,Email Security,Cloud Workload,Sales,Exposed Service,Execution,Phishing domain,95,Netherlands,Europe,Escalated,61,1,0.05,15,True,AN-003,Synthetic web attack event; review email evidence.
INC-00891,2026-09-08,2026-09-08,1,Sep,Tuesday,Brute Force,Medium,0.36,Cloud Security,Endpoint Workstation,Operations,Vulnerable Application,Credential Access,Known malicious IP,81,Brazil,South America,Blocked,25,3,0.0,15,True,AN-014,Synthetic brute force event; review identity activity.
INC-00892,2026-09-08,2026-09-08,3,Sep,Tuesday,Malware,Low,0.17,Identity Provider,Database Server,Sales,Unusual Network Traffic,Collection,No external match,50,India,Asia,Resolved,49,2,0.01,10,False,AN-004,Synthetic malware event; review identity activity.
INC-00893,2026-09-08,2026-09-08,4,Sep,Tuesday,Malware,Medium,0.22,Email Security,Endpoint Workstation,Operations,Exposed Service,Command and Control,No external match,50,Australia,Oceania,Blocked,19,3,0.0,24,False,AN-004,Synthetic malware event; review email evidence.
INC-00894,2026-09-08,2026-09-08,22,Sep,Tuesday,Brute Force,Low,0.1,Identity Provider,Endpoint Workstation,Research,Stolen Credentials,Command and Control,Known malicious IP,47,Singapore,Asia,Contained,72,1,0.0,17,True,AN-004,Synthetic brute force event; review endpoint telemetry.
INC-00895,2026-09-09,2026-09-09,4,Sep,Wednesday,Phishing,Medium,0.25,EDR,VPN Gateway,Engineering,Stolen Credentials,Collection,No external match,33,Germany,Europe,Contained,125,3,0.01,14,False,AN-004,Synthetic phishing event; review identity activity.
INC-00896,2026-09-09,2026-09-09,11,Sep,Wednesday,Brute Force,Low,0.16,Email Security,Database Server,Sales,Third-Party Access,Persistence,Phishing domain,81,Singapore,Asia,Investigating,30,0,0.0,8,True,AN-014,Synthetic brute force event; review indicator context.
INC-00897,2026-09-09,2026-09-09,13,Sep,Wednesday,Brute Force,Low,0.08,Firewall,Email Gateway,Engineering,Stolen Credentials,Collection,No external match,48,Australia,Oceania,Contained,74,2,0.0,10,False,AN-003,Synthetic brute force event; review endpoint telemetry.
INC-00898,2026-09-10,2026-09-10,4,Sep,Thursday,Suspicious Login,Medium,0.24,EDR,File Server,Finance,Email Attachment,Discovery,Botnet indicator,99,Brazil,South America,False Positive,64,2,0.0,23,False,AN-001,Synthetic suspicious login event; review network logs.
INC-00899,2026-09-10,2026-09-10,17,Sep,Thursday,Suspicious Login,High,0.67,Email Security,Web Server,Engineering,Exposed Service,Lateral Movement,Credential leak indicator,99,Australia,Oceania,Blocked,25,3,0.0,25,True,AN-001,Synthetic suspicious login event; review identity activity.
INC-00900,2026-09-10,2026-09-10,17,Sep,Thursday,Phishing,Medium,0.3,EDR,Email Gateway,HR,Email Attachment,Collection,Known malicious IP,93,India,Asia,Resolved,38,3,0.01,14,True,AN-004,Synthetic phishing event; review endpoint telemetry.
INC-00901,2026-09-11,2026-09-11,13,Sep,Friday,Brute Force,High,0.66,Email Security,Domain Controller,Engineering,Misconfiguration,Initial Access,Known malicious IP,99,Japan,Asia,Escalated,76,7,0.0,19,True,AN-002,Synthetic brute force event; review network logs.
INC-00902,2026-09-11,2026-09-11,13,Sep,Friday,Brute Force,Medium,0.23,Cloud Security,File Server,Customer Support,Third-Party Access,Initial Access,Suspicious domain,53,Australia,Oceania,Investigating,89,2,0.0,19,True,AN-007,Synthetic brute force event; review identity activity.
INC-00903,2026-09-12,2026-09-12,9,Sep,Saturday,Phishing,Medium,0.39,Cloud Security,Payment API,IT,Unusual Network Traffic,Execution,Phishing domain,65,United States,North America,Escalated,20,1,0.0,24,True,AN-005,Synthetic phishing event; review email evidence.
INC-00904,2026-09-12,2026-09-12,15,Sep,Saturday,Ransomware,Medium,0.34,Email Security,Domain Controller,Finance,Third-Party Access,Privilege Escalation,No external match,34,Australia,Oceania,Contained,33,2,0.0,4,False,AN-002,Synthetic ransomware event; review identity activity.
INC-00905,2026-09-12,2026-09-12,23,Sep,Saturday,DDoS,Low,0.12,Email Security,Cloud Workload,Customer Support,Vulnerable Application,Command and Control,Phishing domain,59,Brazil,South America,Resolved,126,0,0.0,19,True,AN-001,Synthetic ddos event; review endpoint telemetry.
INC-00906,2026-09-13,2026-09-13,20,Sep,Sunday,Data Exfiltration,Medium,0.3,Firewall,Domain Controller,Research,Third-Party Access,Execution,No external match,43,India,Asia,Contained,22,3,0.11,5,False,AN-010,Synthetic data exfiltration event; review identity activity.
INC-00907,2026-09-14,2026-09-14,6,Sep,Monday,Brute Force,Medium,0.41,Firewall,Cloud Workload,Research,USB Device,Lateral Movement,Suspicious domain,52,India,Asia,Blocked,25,1,0.03,3,True,AN-011,Synthetic brute force event; review network logs.
INC-00908,2026-09-14,2026-09-14,11,Sep,Monday,Web Attack,High,0.52,Identity Provider,Employee Laptop,IT,Malicious Link,Impact,Credential leak indicator,50,United States,North America,False Positive,79,5,0.01,64,False,AN-015,Synthetic web attack event; review endpoint telemetry.
INC-00909,2026-09-14,2026-09-14,13,Sep,Monday,Ransomware,Medium,0.29,SIEM,Web Server,Operations,Unusual Network Traffic,Persistence,Known malicious IP,45,United Kingdom,Europe,Resolved,52,2,0.02,10,True,AN-009,Synthetic ransomware event; review endpoint telemetry.
INC-00910,2026-09-14,2026-09-14,22,Sep,Monday,DDoS,Critical,0.8,IDS/IPS,File Server,Sales,Exposed Service,Impact,Malware hash,96,Brazil,South America,Blocked,25,8,0.01,38,True,AN-002,Synthetic ddos event; review identity activity.
INC-00911,2026-09-15,2026-09-15,3,Sep,Tuesday,Malware,High,0.75,Web Application Firewall,Web Server,Customer Support,Misconfiguration,Lateral Movement,Suspicious domain,82,Brazil,South America,Blocked,25,6,0.0,6,True,AN-001,Synthetic malware event; review identity activity.
INC-00912,2026-09-15,2026-09-15,7,Sep,Tuesday,Brute Force,Low,0.13,Cloud Security,VPN Gateway,Research,Vulnerable Application,Impact,Known malicious IP,55,United Kingdom,Europe,Resolved,83,0,0.01,1,True,AN-012,Synthetic brute force event; review endpoint telemetry.
INC-00913,2026-09-15,2026-09-15,15,Sep,Tuesday,Suspicious Login,High,0.55,SIEM,File Server,Finance,USB Device,Collection,Vulnerability advisory,86,Germany,Europe,Blocked,25,6,0.0,11,True,AN-011,Synthetic suspicious login event; review endpoint telemetry.
INC-00914,2026-09-15,2026-09-15,17,Sep,Tuesday,Brute Force,High,0.63,IDS/IPS,Cloud Workload,Operations,Third-Party Access,Impact,Malware hash,96,Australia,Oceania,Investigating,79,5,0.01,58,True,AN-010,Synthetic brute force event; review indicator context.
INC-00915,2026-09-15,2026-09-15,20,Sep,Tuesday,Web Attack,Low,0.13,Email Security,Database Server,Finance,Vulnerable Application,Persistence,Suspicious domain,52,Netherlands,Europe,Resolved,43,1,0.0,22,True,AN-013,Synthetic web attack event; review identity activity.
INC-00916,2026-09-16,2026-09-16,1,Sep,Wednesday,Phishing,Medium,0.27,Firewall,File Server,Sales,Email Attachment,Impact,Phishing domain,49,United States,North America,Resolved,50,4,0.0,14,True,AN-013,Synthetic phishing event; review identity activity.
INC-00917,2026-09-16,2026-09-16,7,Sep,Wednesday,Malware,Medium,0.43,IDS/IPS,Endpoint Workstation,Customer Support,USB Device,Credential Access,No external match,34,United States,North America,False Positive,54,3,0.0,12,False,AN-002,Synthetic malware event; review indicator context.
INC-00918,2026-09-16,2026-09-16,12,Sep,Wednesday,Suspicious Login,Medium,0.24,Identity Provider,File Server,Operations,Exposed Service,Lateral Movement,Known malicious IP,45,United States,North America,Blocked,25,4,0.0,21,True,AN-009,Synthetic suspicious login event; review indicator context.
INC-00919,2026-09-16,2026-09-16,22,Sep,Wednesday,Suspicious Login,Low,0.14,Identity Provider,Payment API,Sales,Email Attachment,Execution,Botnet indicator,65,Japan,Asia,Investigating,10,1,0.0,10,True,AN-007,Synthetic suspicious login event; review indicator context.
INC-00920,2026-09-16,2026-09-16,22,Sep,Wednesday,Web Attack,Medium,0.37,IDS/IPS,Cloud Workload,Research,Stolen Credentials,Privilege Escalation,Known malicious IP,73,India,Asia,False Positive,53,2,0.0,15,False,AN-010,Synthetic web attack event; review indicator context.
INC-00921,2026-09-17,2026-09-17,0,Sep,Thursday,Brute Force,Low,0.11,Email Security,Web Server,Finance,USB Device,Persistence,Credential leak indicator,87,India,Asia,Blocked,5,2,0.0,16,True,AN-008,Synthetic brute force event; review identity activity.
INC-00922,2026-09-17,2026-09-17,5,Sep,Thursday,Phishing,High,0.57,IDS/IPS,Payment API,Research,Unusual Network Traffic,Persistence,No external match,26,India,Asia,Blocked,25,5,0.0,27,False,AN-001,Synthetic phishing event; review identity activity.
INC-00923,2026-09-17,2026-09-17,9,Sep,Thursday,Malware,Critical,0.88,Identity Provider,Cloud Workload,Sales,Unusual Network Traffic,Credential Access,Suspicious domain,59,Australia,Oceania,Blocked,25,9,0.01,61,True,AN-015,Synthetic malware event; review network logs.
INC-00924,2026-09-17,2026-09-17,11,Sep,Thursday,Brute Force,Low,0.2,Web Application Firewall,Database Server,Research,Stolen Credentials,Exfiltration,Known malicious IP,90,Canada,North America,Blocked,21,1,0.0,16,True,AN-011,Synthetic brute force event; review identity activity.
INC-00925,2026-09-17,2026-09-17,16,Sep,Thursday,Ransomware,Low,0.14,Identity Provider,Endpoint Workstation,Operations,USB Device,Credential Access,Phishing domain,67,United States,North America,Contained,186,1,0.0,22,True,AN-012,Synthetic ransomware event; review indicator context.
INC-00926,2026-09-17,2026-09-17,17,Sep,Thursday,Suspicious Login,Low,0.09,Email Security,File Server,Engineering,Email Attachment,Initial Access,Known malicious IP,55,United States,North America,Resolved,121,1,0.01,13,True,AN-013,Synthetic suspicious login event; review indicator context.
INC-00927,2026-09-17,2026-09-17,18,Sep,Thursday,DDoS,High,0.54,IDS/IPS,Web Server,Sales,Unusual Network Traffic,Collection,No external match,15,Netherlands,Europe,Resolved,58,4,0.03,7,False,AN-007,Synthetic ddos event; review indicator context.
INC-00928,2026-09-18,2026-09-18,17,Sep,Friday,Phishing,High,0.59,EDR,Domain Controller,Research,Vulnerable Application,Execution,Suspicious domain,48,United States,North America,False Positive,113,3,0.0,23,False,AN-011,Synthetic phishing event; review identity activity.
INC-00929,2026-09-18,2026-09-18,18,Sep,Friday,Suspicious Login,Critical,0.94,EDR,Cloud Workload,Customer Support,Exposed Service,Command and Control,Suspicious domain,60,United States,North America,Investigating,92,8,0.0,49,True,AN-010,Synthetic suspicious login event; review email evidence.
INC-00930,2026-09-19,2026-09-19,5,Sep,Saturday,Brute Force,High,0.74,SIEM,VPN Gateway,Research,Malicious Link,Command and Control,No external match,29,United Kingdom,Europe,False Positive,104,3,0.0,20,False,AN-012,Synthetic brute force event; review email evidence.
INC-00931,2026-09-19,2026-09-19,7,Sep,Saturday,Phishing,Medium,0.25,Firewall,Cloud Workload,Sales,Malicious Link,Exfiltration,Known malicious IP,54,Australia,Oceania,Investigating,30,4,0.01,22,True,AN-007,Synthetic phishing event; review email evidence.
INC-00932,2026-09-19,2026-09-19,14,Sep,Saturday,Malware,Medium,0.44,Cloud Security,Cloud Workload,Finance,Unusual Network Traffic,Privilege Escalation,Phishing domain,89,United States,North America,False Positive,78,2,0.03,15,False,AN-006,Synthetic malware event; review email evidence.
INC-00933,2026-09-20,2026-09-20,1,Sep,Sunday,Phishing,Medium,0.27,EDR,Employee Laptop,Engineering,Email Attachment,Discovery,No external match,16,Canada,North America,Blocked,19,2,0.0,5,False,AN-014,Synthetic phishing event; review network logs.
INC-00934,2026-09-20,2026-09-20,2,Sep,Sunday,Command and Control,Medium,0.39,Web Application Firewall,Payment API,Research,Malicious Link,Privilege Escalation,No external match,57,Canada,North America,False Positive,52,1,0.0,8,False,AN-008,Synthetic command and control event; review email evidence.
INC-00935,2026-09-20,2026-09-20,2,Sep,Sunday,DDoS,Medium,0.27,Email Security,Web Server,Engineering,Misconfiguration,Lateral Movement,Phishing domain,91,Singapore,Asia,Resolved,89,2,0.0,3,True,AN-009,Synthetic ddos event; review identity activity.
INC-00936,2026-09-20,2026-09-20,2,Sep,Sunday,Brute Force,Medium,0.24,SIEM,VPN Gateway,Operations,Exposed Service,Execution,Phishing domain,53,United Kingdom,Europe,Contained,67,2,0.0,16,True,AN-013,Synthetic brute force event; review endpoint telemetry.
INC-00937,2026-09-20,2026-09-20,7,Sep,Sunday,Insider Threat,High,0.65,IDS/IPS,Web Server,Customer Support,Exposed Service,Credential Access,Known malicious IP,82,Brazil,South America,Investigating,60,4,0.0,62,True,AN-004,Synthetic insider threat event; review email evidence.
INC-00938,2026-09-20,2026-09-20,14,Sep,Sunday,Brute Force,High,0.54,Firewall,Email Gateway,Finance,Unusual Network Traffic,Persistence,Malware hash,95,Japan,Asia,False Positive,64,3,0.0,10,False,AN-005,Synthetic brute force event; review identity activity.
INC-00939,2026-09-20,2026-09-20,15,Sep,Sunday,Data Exfiltration,Medium,0.37,Email Security,Endpoint Workstation,IT,Vulnerable Application,Persistence,Suspicious domain,57,India,Asia,Blocked,25,1,0.16,1,True,AN-012,Synthetic data exfiltration event; review endpoint telemetry.
INC-00940,2026-09-20,2026-09-20,20,Sep,Sunday,Malware,Medium,0.47,Web Application Firewall,Email Gateway,Engineering,Unusual Network Traffic,Exfiltration,No external match,11,United States,North America,Contained,38,2,0.04,20,False,AN-001,Synthetic malware event; review endpoint telemetry.
INC-00941,2026-09-21,2026-09-21,6,Sep,Monday,Phishing,Medium,0.38,EDR,Database Server,Customer Support,Exposed Service,Defense Evasion,Credential leak indicator,70,India,Asia,Blocked,25,3,0.0,18,True,AN-011,Synthetic phishing event; review identity activity.
INC-00942,2026-09-21,2026-09-21,8,Sep,Monday,Web Attack,High,0.5,Firewall,File Server,Engineering,Misconfiguration,Defense Evasion,Suspicious domain,89,United States,North America,Blocked,25,5,0.0,3,True,AN-015,Synthetic web attack event; review email evidence.
INC-00943,2026-09-22,2026-09-22,21,Sep,Tuesday,Malware,Low,0.1,Email Security,Email Gateway,IT,Third-Party Access,Defense Evasion,Known malicious IP,72,United States,North America,Contained,29,2,0.01,21,True,AN-010,Synthetic malware event; review identity activity.
INC-00944,2026-09-22,2026-09-22,21,Sep,Tuesday,Ransomware,Low,0.17,IDS/IPS,Cloud Workload,Research,Stolen Credentials,Privilege Escalation,Phishing domain,79,Canada,North America,Contained,49,2,0.0,19,True,AN-009,Synthetic ransomware event; review indicator context.
INC-00945,2026-09-23,2026-09-23,8,Sep,Wednesday,Ransomware,Medium,0.27,Cloud Security,Domain Controller,Research,Exposed Service,Privilege Escalation,Vulnerability advisory,68,Singapore,Asia,Investigating,68,2,0.0,12,True,AN-008,Synthetic ransomware event; review email evidence.
INC-00946,2026-09-23,2026-09-23,9,Sep,Wednesday,Ransomware,High,0.68,EDR,Payment API,Research,Exposed Service,Privilege Escalation,No external match,62,Brazil,South America,Contained,42,3,0.01,38,False,AN-011,Synthetic ransomware event; review indicator context.
INC-00947,2026-09-23,2026-09-23,16,Sep,Wednesday,Web Attack,High,0.53,Web Application Firewall,Email Gateway,Operations,Unusual Network Traffic,Privilege Escalation,Malware hash,56,India,Asia,Blocked,25,4,0.0,31,True,AN-003,Synthetic web attack event; review network logs.
INC-00948,2026-09-23,2026-09-23,16,Sep,Wednesday,Malware,Medium,0.25,SIEM,Domain Controller,Customer Support,USB Device,Discovery,Phishing domain,79,India,Asia,Contained,60,1,0.0,24,True,AN-014,Synthetic malware event; review email evidence.
INC-00949,2026-09-23,2026-09-23,17,Sep,Wednesday,Data Exfiltration,Low,0.21,Cloud Security,Employee Laptop,Engineering,Email Attachment,Impact,Known malicious IP,74,India,Asia,Blocked,25,2,0.03,17,True,AN-003,Synthetic data exfiltration event; review network logs.
INC-00950,2026-09-23,2026-09-23,18,Sep,Wednesday,Command and Control,Low,0.09,Cloud Security,Endpoint Workstation,IT,Exposed Service,Privilege Escalation,No external match,46,India,Asia,Blocked,25,0,0.0,15,False,AN-012,Synthetic command and control event; review email evidence.
INC-00951,2026-09-24,2026-09-24,8,Sep,Thursday,Brute Force,Medium,0.41,EDR,File Server,Research,USB Device,Privilege Escalation,Malware hash,62,United Kingdom,Europe,Resolved,79,1,0.0,24,True,AN-005,Synthetic brute force event; review email evidence.
INC-00952,2026-09-24,2026-09-24,16,Sep,Thursday,Data Exfiltration,Medium,0.29,Email Security,VPN Gateway,IT,Malicious Link,Initial Access,No external match,44,Singapore,Asia,Blocked,25,4,0.06,24,False,AN-012,Synthetic data exfiltration event; review network logs.
INC-00953,2026-09-24,2026-09-24,19,Sep,Thursday,Insider Threat,Low,0.15,EDR,Domain Controller,Operations,Third-Party Access,Initial Access,Vulnerability advisory,49,United States,North America,Contained,14,0,0.01,13,True,AN-005,Synthetic insider threat event; review email evidence.
INC-00954,2026-09-25,2026-09-25,1,Sep,Friday,Brute Force,Medium,0.44,EDR,Payment API,Operations,Email Attachment,Exfiltration,Malware hash,76,Singapore,Asia,False Positive,109,3,0.0,23,False,AN-010,Synthetic brute force event; review endpoint telemetry.
INC-00955,2026-09-25,2026-09-25,13,Sep,Friday,Insider Threat,High,0.58,Email Security,Employee Laptop,Finance,Stolen Credentials,Persistence,Known malicious IP,82,India,Asia,Contained,190,4,0.01,38,True,AN-010,Synthetic insider threat event; review indicator context.
INC-00956,2026-09-26,2026-09-26,9,Sep,Saturday,Web Attack,Medium,0.29,SIEM,Database Server,IT,Malicious Link,Lateral Movement,Malware hash,97,Germany,Europe,Blocked,25,2,0.0,17,True,AN-005,Synthetic web attack event; review network logs.
INC-00957,2026-09-26,2026-09-26,11,Sep,Saturday,Phishing,High,0.55,IDS/IPS,Domain Controller,Sales,Malicious Link,Privilege Escalation,Known malicious IP,90,United States,North America,Blocked,25,4,0.02,8,True,AN-001,Synthetic phishing event; review email evidence.
INC-00958,2026-09-26,2026-09-26,13,Sep,Saturday,Malware,Low,0.16,Web Application Firewall,File Server,Customer Support,USB Device,Lateral Movement,Credential leak indicator,88,United Kingdom,Europe,Contained,46,1,0.0,6,True,AN-002,Synthetic malware event; review endpoint telemetry.
INC-00959,2026-09-26,2026-09-26,17,Sep,Saturday,Insider Threat,Medium,0.35,IDS/IPS,Database Server,Research,Stolen Credentials,Privilege Escalation,Suspicious domain,85,Germany,Europe,Contained,115,2,0.02,8,True,AN-005,Synthetic insider threat event; review network logs.
INC-00960,2026-09-26,2026-09-26,18,Sep,Saturday,Phishing,High,0.51,SIEM,Employee Laptop,Finance,USB Device,Privilege Escalation,Vulnerability advisory,82,Japan,Asia,Resolved,58,5,0.01,4,True,AN-009,Synthetic phishing event; review email evidence.
INC-00961,2026-09-26,2026-09-26,21,Sep,Saturday,Phishing,Low,0.1,EDR,Endpoint Workstation,HR,Exposed Service,Execution,No external match,33,India,Asia,Contained,31,0,0.0,7,False,AN-004,Synthetic phishing event; review indicator context.
INC-00962,2026-09-26,2026-09-26,22,Sep,Saturday,Data Exfiltration,Low,0.09,SIEM,Email Gateway,Research,Vulnerable Application,Initial Access,Malware hash,48,India,Asia,Investigating,112,1,0.19,18,True,AN-003,Synthetic data exfiltration event; review endpoint telemetry.
INC-00963,2026-09-27,2026-09-27,3,Sep,Sunday,Ransomware,Medium,0.26,Firewall,File Server,IT,Vulnerable Application,Lateral Movement,Known malicious IP,74,Japan,Asia,Contained,33,4,0.01,22,True,AN-015,Synthetic ransomware event; review email evidence.
INC-00964,2026-09-27,2026-09-27,7,Sep,Sunday,DDoS,Low,0.12,Cloud Security,Endpoint Workstation,HR,Stolen Credentials,Initial Access,Credential leak indicator,68,Germany,Europe,Blocked,25,1,0.0,20,True,AN-006,Synthetic ddos event; review network logs.
INC-00965,2026-09-27,2026-09-27,7,Sep,Sunday,Insider Threat,Low,0.21,Firewall,Cloud Workload,Engineering,Unusual Network Traffic,Persistence,No external match,41,India,Asia,Escalated,59,1,0.01,10,False,AN-009,Synthetic insider threat event; review email evidence.
INC-00966,2026-09-27,2026-09-27,12,Sep,Sunday,Brute Force,Low,0.16,Email Security,Payment API,HR,Exposed Service,Persistence,Suspicious domain,80,Brazil,South America,Resolved,83,2,0.0,2,True,AN-011,Synthetic brute force event; review email evidence.
INC-00967,2026-09-27,2026-09-27,16,Sep,Sunday,Ransomware,Low,0.21,Web Application Firewall,Payment API,HR,Unusual Network Traffic,Exfiltration,Phishing domain,89,Netherlands,Europe,Investigating,137,2,0.0,13,True,AN-008,Synthetic ransomware event; review network logs.
INC-00968,2026-09-27,2026-09-27,16,Sep,Sunday,DDoS,Critical,0.79,Email Security,Email Gateway,Engineering,Malicious Link,Collection,Known malicious IP,89,United States,North America,Blocked,25,6,0.0,52,True,AN-001,Synthetic ddos event; review network logs.
INC-00969,2026-09-28,2026-09-28,13,Sep,Monday,Brute Force,Low,0.16,Cloud Security,File Server,IT,Unusual Network Traffic,Discovery,Phishing domain,89,Singapore,Asia,Blocked,25,0,0.0,21,True,AN-007,Synthetic brute force event; review email evidence.
INC-00970,2026-09-28,2026-09-28,18,Sep,Monday,DDoS,Medium,0.28,SIEM,Email Gateway,Research,Exposed Service,Privilege Escalation,Phishing domain,86,India,Asia,Contained,65,4,0.0,22,True,AN-004,Synthetic ddos event; review network logs.
INC-00971,2026-09-28,2026-09-28,21,Sep,Monday,Malware,Medium,0.41,Web Application Firewall,Email Gateway,Customer Support,Email Attachment,Persistence,Vulnerability advisory,85,United Kingdom,Europe,Contained,36,3,0.0,1,True,AN-007,Synthetic malware event; review indicator context.
INC-00972,2026-09-29,2026-09-29,2,Sep,Tuesday,Brute Force,Low,0.14,SIEM,Domain Controller,Engineering,USB Device,Exfiltration,Credential leak indicator,78,India,Asia,False Positive,43,1,0.0,8,False,AN-015,Synthetic brute force event; review indicator context.
INC-00973,2026-09-29,2026-09-29,3,Sep,Tuesday,Suspicious Login,Medium,0.28,Cloud Security,VPN Gateway,Research,Exposed Service,Persistence,Vulnerability advisory,60,Singapore,Asia,Resolved,39,4,0.0,22,True,AN-005,Synthetic suspicious login event; review endpoint telemetry.
INC-00974,2026-09-29,2026-09-29,8,Sep,Tuesday,DDoS,Low,0.17,Email Security,Employee Laptop,IT,USB Device,Persistence,Malware hash,85,India,Asia,Blocked,21,2,0.0,4,True,AN-009,Synthetic ddos event; review endpoint telemetry.
INC-00975,2026-09-29,2026-09-29,9,Sep,Tuesday,Phishing,Critical,0.84,EDR,Database Server,Engineering,Email Attachment,Execution,No external match,40,Japan,Asia,Blocked,25,10,0.0,26,False,AN-014,Synthetic phishing event; review endpoint telemetry.
INC-00976,2026-09-29,2026-09-29,10,Sep,Tuesday,Ransomware,Medium,0.44,Cloud Security,Domain Controller,Research,Unusual Network Traffic,Collection,Botnet indicator,98,India,Asia,Investigating,109,1,0.0,8,True,AN-003,Synthetic ransomware event; review indicator context.
INC-00977,2026-09-29,2026-09-29,19,Sep,Tuesday,Suspicious Login,High,0.63,Web Application Firewall,Web Server,Research,Exposed Service,Credential Access,Credential leak indicator,54,Canada,North America,Blocked,25,4,0.0,17,True,AN-009,Synthetic suspicious login event; review indicator context.
INC-00978,2026-09-30,2026-09-30,0,Sep,Wednesday,Suspicious Login,High,0.73,Email Security,Employee Laptop,Customer Support,Malicious Link,Defense Evasion,Suspicious domain,74,United States,North America,Escalated,40,5,0.0,35,True,AN-002,Synthetic suspicious login event; review identity activity.
INC-00979,2026-09-30,2026-09-30,2,Sep,Wednesday,Malware,Medium,0.31,Firewall,Email Gateway,HR,Exposed Service,Command and Control,Vulnerability advisory,87,Australia,Oceania,Investigating,65,2,0.02,16,True,AN-006,Synthetic malware event; review network logs.
INC-00980,2026-09-30,2026-09-30,11,Sep,Wednesday,Malware,Medium,0.3,Firewall,Payment API,Finance,Email Attachment,Persistence,Botnet indicator,82,Canada,North America,Investigating,82,3,0.01,24,True,AN-002,Synthetic malware event; review network logs.
INC-00981,2026-09-30,2026-09-30,13,Sep,Wednesday,DDoS,Medium,0.23,Cloud Security,Database Server,Research,Vulnerable Application,Command and Control,Vulnerability advisory,46,United Kingdom,Europe,Blocked,25,4,0.01,4,True,AN-003,Synthetic ddos event; review email evidence.
INC-00982,2026-10-01,2026-10-01,1,Oct,Thursday,Suspicious Login,High,0.49,Cloud Security,Payment API,IT,Email Attachment,Credential Access,No external match,64,India,Asia,False Positive,161,5,0.03,4,False,AN-006,Synthetic suspicious login event; review indicator context.
INC-00983,2026-10-01,2026-10-01,4,Oct,Thursday,Phishing,Medium,0.38,Firewall,Cloud Workload,Engineering,Malicious Link,Lateral Movement,Vulnerability advisory,73,Japan,Asia,Blocked,25,2,0.01,16,True,AN-006,Synthetic phishing event; review network logs.
INC-00984,2026-10-02,2026-10-02,6,Oct,Friday,Suspicious Login,Medium,0.45,SIEM,Payment API,Sales,Third-Party Access,Execution,Known malicious IP,46,India,Asia,Resolved,137,4,0.02,17,True,AN-014,Synthetic suspicious login event; review network logs.
INC-00985,2026-10-02,2026-10-02,9,Oct,Friday,Malware,Medium,0.33,Identity Provider,VPN Gateway,Operations,Unusual Network Traffic,Command and Control,Phishing domain,54,Netherlands,Europe,Contained,125,4,0.0,7,True,AN-014,Synthetic malware event; review email evidence.
INC-00986,2026-10-02,2026-10-02,9,Oct,Friday,Command and Control,Low,0.18,Cloud Security,Database Server,IT,Third-Party Access,Defense Evasion,Known malicious IP,50,United States,North America,False Positive,65,2,0.03,6,False,AN-008,Synthetic command and control event; review email evidence.
INC-00987,2026-10-02,2026-10-02,10,Oct,Friday,Command and Control,Low,0.17,Identity Provider,VPN Gateway,Customer Support,Exposed Service,Lateral Movement,Phishing domain,64,Singapore,Asia,False Positive,18,2,0.01,12,False,AN-014,Synthetic command and control event; review network logs.
INC-00988,2026-10-03,2026-10-03,4,Oct,Saturday,Brute Force,Critical,0.8,Firewall,Cloud Workload,IT,Malicious Link,Lateral Movement,Known malicious IP,54,Singapore,Asia,Contained,120,6,0.01,21,True,AN-012,Synthetic brute force event; review email evidence.
INC-00989,2026-10-03,2026-10-03,15,Oct,Saturday,Malware,Critical,0.95,Web Application Firewall,Email Gateway,IT,Exposed Service,Exfiltration,Credential leak indicator,60,Germany,Europe,Blocked,25,9,0.0,24,True,AN-004,Synthetic malware event; review email evidence.
INC-00990,2026-10-04,2026-10-04,6,Oct,Sunday,Suspicious Login,High,0.48,SIEM,Endpoint Workstation,Engineering,Misconfiguration,Credential Access,Phishing domain,82,India,Asia,Investigating,61,7,0.0,5,True,AN-014,Synthetic suspicious login event; review email evidence.
INC-00991,2026-10-05,2026-10-05,2,Oct,Monday,Web Attack,Medium,0.22,SIEM,Endpoint Workstation,IT,USB Device,Privilege Escalation,Phishing domain,58,Germany,Europe,Resolved,70,3,0.0,12,True,AN-004,Synthetic web attack event; review network logs.
INC-00992,2026-10-05,2026-10-05,14,Oct,Monday,DDoS,Medium,0.27,Cloud Security,File Server,Customer Support,Stolen Credentials,Privilege Escalation,Credential leak indicator,60,India,Asia,Contained,53,1,0.03,20,True,AN-007,Synthetic ddos event; review network logs.
INC-00993,2026-10-05,2026-10-05,20,Oct,Monday,Ransomware,Low,0.09,EDR,Domain Controller,Research,Misconfiguration,Initial Access,No external match,28,United States,North America,Resolved,21,1,0.0,24,False,AN-004,Synthetic ransomware event; review endpoint telemetry.
INC-00994,2026-10-05,2026-10-05,22,Oct,Monday,Phishing,Low,0.12,Cloud Security,Cloud Workload,Research,Unusual Network Traffic,Lateral Movement,Suspicious domain,98,Brazil,South America,Investigating,87,2,0.0,23,True,AN-015,Synthetic phishing event; review endpoint telemetry.
INC-00995,2026-10-06,2026-10-06,11,Oct,Tuesday,Ransomware,High,0.61,Firewall,Cloud Workload,Operations,Unusual Network Traffic,Collection,Vulnerability advisory,83,United States,North America,Blocked,25,5,0.01,13,True,AN-004,Synthetic ransomware event; review indicator context.
INC-00996,2026-10-06,2026-10-06,21,Oct,Tuesday,Suspicious Login,Low,0.08,Firewall,Payment API,Finance,Third-Party Access,Exfiltration,No external match,45,Brazil,South America,Escalated,17,1,0.0,16,False,AN-001,Synthetic suspicious login event; review network logs.
INC-00997,2026-10-07,2026-10-07,1,Oct,Wednesday,Malware,High,0.73,IDS/IPS,Domain Controller,Finance,Email Attachment,Privilege Escalation,No external match,37,United States,North America,Blocked,25,6,0.0,14,False,AN-012,Synthetic malware event; review email evidence.
INC-00998,2026-10-07,2026-10-07,4,Oct,Wednesday,Web Attack,Medium,0.31,IDS/IPS,Domain Controller,Engineering,Vulnerable Application,Impact,No external match,33,Australia,Oceania,Resolved,37,3,0.01,11,False,AN-011,Synthetic web attack event; review network logs.
INC-00999,2026-10-07,2026-10-07,10,Oct,Wednesday,Brute Force,Low,0.16,IDS/IPS,Web Server,HR,Malicious Link,Collection,Malware hash,57,United States,North America,Escalated,66,0,0.01,24,True,AN-008,Synthetic brute force event; review indicator context.
INC-01000,2026-10-07,2026-10-07,17,Oct,Wednesday,Malware,Medium,0.25,SIEM,Endpoint Workstation,IT,Exposed Service,Lateral Movement,Known malicious IP,74,India,Asia,Resolved,38,2,0.0,7,True,AN-014,Synthetic malware event; review email evidence.
